Sample,Pop,2425 FAM,2425 FAM,2900 FAM,2900 FAM,2992 NED,2992 NED,961 VIC,961 VIC,3681 NED,3681 NED,1685 VIC,1685 VIC,3457 NED,3457 NED,3592 NED,3592 NED,3907 PET,3907 PET,60 FAM,60 FAM,2315 NED,2315 NED,333 VIC,333 VIC,,X,Y
ML10,ML,193,193,173,173,224,224,149,151,106,106,116,116,197,213,236,242,108,108,207,207,156,162,97,97,,32.37244553,-110.6949657
ML12,ML,193,193,173,173,224,224,149,151,106,106,116,116,197,207,236,244,108,108,207,207,156,162,97,97,,32.37199366,-110.6967744
ML4,ML,193,193,173,173,224,224,149,151,106,106,116,116,201,207,236,240,108,108,207,207,162,162,97,97,,32.37271375,-110.6920921
ML5,ML,193,193,173,173,224,224,149,151,106,106,116,116,201,207,236,240,108,108,207,207,153,162,97,97,,32.3727104,-110.6923173
ML6,ML,193,193,173,173,224,224,149,151,106,106,116,116,201,207,236,240,108,108,207,207,158,165,97,97,,32.37260051,-110.6925386
ML7,ML,193,193,173,173,224,224,149,151,106,106,116,116,201,207,236,240,108,108,207,207,156,162,97,97,,32.37301826,-110.693603
ML8,ML,193,193,173,173,224,224,149,151,106,106,116,116,197,207,236,238,108,108,207,207,156,162,97,97,,32.37284987,-110.6944315
ML9,ML,193,193,173,173,224,224,149,151,106,106,116,116,197,207,236,240,108,108,207,207,156,162,97,97,,32.37249892,-110.6946332
SEN8,AZR,193,193,173,173,224,224,149,151,106,111,116,116,201,205,242,244,108,108,207,207,153,156,97,99,,34.33155002,-112.3715333
SEN10,AZR,193,193,173,173,224,224,149,151,106,111,116,116,201,205,244,244,108,108,207,207,153,156,97,99,,34.33155002,-112.3715333
THB10,AZR,190,193,173,173,224,230,147,149,103,106,116,116,199,203,240,242,108,108,207,207,153,153,97,97,,34.5506953,-112.5228454
YC6,AZR,193,193,173,173,224,224,147,151,106,106,116,116,205,213,238,238,108,108,207,207,153,156,97,97,,34.68528285,-112.1697228
CSNL6,AZR,190,193,173,173,224,224,151,153,103,106,116,116,205,205,238,250,108,114,207,207,156,156,97,97,,35.533517,-111.829331
CSNL7,AZR,190,193,173,173,224,224,151,153,103,106,116,116,205,205,238,254,108,114,207,207,156,156,97,97,,35.533517,-111.829331
CSNL8,AZR,190,193,173,173,224,224,151,153,103,106,116,116,205,205,238,248,108,114,207,207,156,156,97,97,,35.533517,-111.829331
AL27,AZR,190,193,173,173,228,230,147,151,103,111,116,116,205,209,236,242,108,108,207,219,153,156,97,99,,35.023489,-111.399433
AL28,AZR,190,193,173,173,228,230,147,151,103,111,116,116,205,209,236,244,108,108,207,219,153,156,97,99,,35.023489,-111.399433
AL98,AZR,190,193,173,173,228,230,147,151,103,111,116,116,205,209,236,246,108,108,207,219,153,156,97,99,,35.023489,-111.399433
AZWW2,AZR,190,193,173,173,226,226,149,151,106,106,116,116,195,201,236,250,108,108,207,207,153,153,97,97,,34.62954244,-111.3513974
AZWW7,AZR,190,190,173,173,224,226,149,149,103,103,116,116,197,199,234,238,108,108,207,207,156,156,97,97,,34.63333357,-111.3532668
GC2,SHW,190,193,173,173,230,232,149,151,106,106,116,116,205,207,242,248,108,108,207,207,153,156,97,97,,34.50526664,-112.4780167
GC4,SHW,190,193,173,173,230,232,149,151,106,106,116,116,205,207,244,252,108,108,207,207,153,156,97,97,,34.5046333,-112.4772833
GC8,SHW,190,193,173,173,232,232,149,151,106,106,116,116,205,207,244,244,108,108,207,207,153,156,97,97,,34.50381665,-112.4753
SHW13,SHW,190,193,173,173,230,232,149,151,106,106,116,116,205,207,244,244,108,108,207,207,153,156,97,97,,34.50394406,-112.4753591
SHW14,SHW,190,193,173,173,230,232,149,151,106,106,116,116,205,207,244,248,108,108,207,207,153,156,97,97,,34.50401128,-112.4754959
SHW1X,SHW,190,193,173,173,230,232,149,151,106,106,116,116,205,207,244,246,108,108,207,207,153,156,97,97,,34.50401128,-112.4754959
SHW4X,SHW,190,193,173,173,230,232,151,153,103,106,116,116,205,207,244,246,108,108,207,207,153,156,97,97,,34.50401128,-112.4754959
PHWS1,AZPW,190,190,173,173,224,224,149,151,106,111,116,116,189,197,236,244,108,108,207,207,156,162,97,97,,35.02327002,-111.7367
PHWS3,AZPW,190,193,173,173,224,224,149,151,106,111,116,116,187,203,240,244,108,108,207,207,153,153,97,97,,35.02457826,-111.7363785
PHWS4,AZPW,190,190,173,173,224,224,149,151,106,111,116,116,189,197,236,246,108,108,207,207,156,162,97,97,,35.02490189,-111.7360506
AZPW1,AZPW,193,193,173,173,224,228,147,151,103,106,116,116,201,205,238,238,108,108,207,207,156,156,97,97,,35.00223513,-111.7365934
AZPW2,AZPW,193,193,173,173,224,228,147,151,103,106,116,116,201,205,238,238,108,108,207,207,156,156,97,97,,35.00266713,-111.7363833
AZPW3,AZPW,193,193,173,173,224,228,147,151,103,106,116,116,201,205,238,238,108,108,207,207,156,156,97,97,,35.00294901,-111.7360145
AZPW4,AZPW,193,193,173,173,224,228,147,151,103,106,116,116,201,205,240,240,108,108,207,207,156,156,97,97,,35.00263293,-111.7368324
AZPW5,AZPW,193,193,173,173,224,228,147,151,103,106,116,116,201,205,238,238,108,108,207,207,156,156,97,97,,35.00257082,-111.7367466
AZPW6,AZPW,190,193,173,173,224,224,147,151,106,111,116,116,187,203,238,240,108,108,207,207,153,153,97,97,,35.02427937,-111.7363653
AZPW7,AZPW,190,193,173,173,224,224,147,151,106,111,116,116,187,203,242,242,108,108,207,207,153,153,97,97,,35.02443217,-111.73626
AZPW8,AZPW,190,190,173,173,224,224,151,151,103,111,116,116,189,197,236,246,108,108,207,207,156,162,97,97,,35.02468262,-111.7363837
AZPW9,AZPW,190,190,173,173,224,224,151,151,103,111,116,116,189,197,236,236,108,108,207,207,156,162,97,97,,35.02459419,-111.7367933
AZPW10,AZPW,190,190,173,173,224,224,151,151,103,111,116,116,189,197,236,236,108,108,207,207,156,162,97,97,,35.02424307,-111.736923
AZPW11,AZPW,190,190,173,173,224,224,151,151,103,111,116,116,189,197,246,246,108,108,207,207,156,162,97,97,,35.02482888,-111.736435
AZPW12,AZPW,190,190,173,173,224,224,151,151,103,111,116,116,189,197,236,246,108,108,207,207,156,162,97,97,,35.02491882,-111.7363013
AZPW13,AZPW,190,190,173,173,224,224,151,151,103,111,116,116,189,197,236,246,108,108,207,207,156,162,97,97,,35.02499803,-111.7360277
AZPW14,AZPW,190,190,173,173,224,224,151,151,103,111,116,116,189,197,236,236,108,108,207,207,156,162,97,97,,35.02497741,-111.7355281
AZPW15,AZPW,190,190,173,173,224,224,151,151,103,103,116,116,189,197,236,242,108,108,207,207,156,162,97,97,,35.02498512,-111.7354761
AZPW16,AZPW,190,190,173,173,224,224,151,151,103,111,116,116,189,197,236,246,108,108,207,207,156,162,97,97,,35.0249039,-111.7360499
AZPW17,AZPW,190,193,173,173,224,224,147,151,106,111,116,116,187,203,238,244,108,108,207,207,153,153,97,97,,35.07362246,-111.7195532
AZPW18,AZPW,190,193,173,173,224,224,147,151,106,111,116,116,187,203,238,244,108,108,207,207,153,153,97,97,,35.07339799,-111.7193005
AZPW19,AZPW,190,193,173,173,224,224,147,151,106,111,116,116,187,203,238,244,108,108,207,207,153,153,97,97,,35.07344593,-111.7193572
AZPW20,AZPW,190,193,173,173,224,224,147,151,106,111,116,116,187,203,240,240,108,108,207,207,153,153,97,97,,35.07310311,-111.719296
AZPW21,AZPW,190,193,173,173,224,224,147,151,106,111,116,116,187,203,238,238,108,108,207,207,153,153,97,97,,35.07307394,-111.7193478
AZPW22,AZPW,190,193,173,173,224,224,147,151,106,111,116,116,187,203,238,244,108,108,207,207,153,153,97,97,,35.07276834,-111.7193778
AZPW23,AZPW,190,193,173,173,224,224,147,151,106,111,116,116,187,203,240,244,108,108,207,207,153,153,97,97,,35.06716688,-111.7197521
AZPW24,AZPW,190,193,173,173,224,224,147,151,106,111,116,116,187,203,244,244,108,108,207,207,153,153,97,97,,35.0669549,-111.7197664
AZPW25,AZPW,190,193,173,173,224,224,147,151,106,111,116,116,187,203,238,244,108,108,207,207,153,153,97,97,,35.06609542,-111.7197471
AZPW26,AZPW,190,193,173,173,224,228,151,153,103,111,116,116,205,207,240,244,108,108,207,207,162,162,97,99,,35.06575277,-111.7199756
AZPW27,AZPW,190,193,173,173,224,224,147,151,106,111,116,116,187,203,240,242,108,108,207,207,153,153,97,97,,35.06405703,-111.7191888
AZPW28,AZPW,190,193,173,173,224,224,147,151,106,111,116,116,187,203,240,242,108,108,207,207,153,153,97,97,,35.06385167,-111.7192359
AZPW29,AZPW,190,193,173,173,224,224,147,151,106,111,116,116,187,203,242,242,108,108,207,207,153,153,97,97,,35.06366023,-111.719395
AZPW30,AZPW,190,193,173,173,224,224,147,151,106,111,116,116,187,203,240,242,108,108,207,207,153,153,94,97,,35.06361061,-111.7194136
AZPW31,AZPW,190,193,173,173,224,224,147,151,106,111,116,116,187,203,240,242,108,108,207,207,153,153,97,97,,35.06347683,-111.7195682
AZPW32,AZPW,190,193,173,173,224,224,147,151,106,111,116,116,187,203,240,242,108,108,207,207,153,153,94,97,,35.06335773,-111.7193704
AZPW33,AZPW,190,193,173,173,224,224,147,151,106,111,116,116,187,203,238,244,108,108,207,207,153,153,97,97,,35.06307165,-111.7197659
AZPW34,AZPW,190,193,173,173,224,224,147,151,106,111,116,116,187,203,240,244,108,108,207,207,153,153,94,97,,35.0619499,-111.71971
AZPW35,AZPW,190,193,173,173,224,224,147,151,106,111,116,116,187,203,240,244,108,108,207,207,153,153,94,97,,35.06187413,-111.7195932
AZPW36,AZPW,190,193,173,173,224,224,147,151,106,111,116,116,187,203,240,244,108,108,207,207,153,153,94,97,,35.06165352,-111.7197089
AZPW37,AZPW,190,193,173,173,224,224,147,151,106,111,116,116,187,203,240,244,108,108,207,207,153,153,94,97,,35.06167078,-111.7191949
AZPW38,AZPW,190,193,173,173,224,224,147,151,106,111,116,116,187,203,240,244,108,108,207,207,153,153,94,97,,35.0613392,-111.7188345
AZPW39,AZPW,190,193,173,173,224,224,147,151,106,111,116,116,187,203,240,246,108,108,207,207,153,153,97,97,,35.06108765,-111.7187392
AZPW40,AZPW,190,193,173,173,224,224,147,151,106,111,116,116,187,203,240,244,108,108,207,207,153,153,97,97,,35.06064828,-111.7188174
AZPW41,AZPW,190,193,173,173,224,228,151,151,106,106,116,116,189,207,238,244,108,108,207,207,153,162,97,97,,35.0606373,-111.7186537
AZPW42,AZPW,190,193,173,173,224,224,147,151,106,111,116,116,187,203,240,242,108,108,207,207,153,153,94,97,,35.05484087,-111.7186143
AZPW43,AZPW,190,193,173,173,224,224,147,151,106,111,116,116,187,203,240,242,108,108,207,207,153,153,94,97,,35.0545196,-111.718795
AZPW44,AZPW,190,193,173,173,224,224,147,151,106,111,116,116,187,203,240,244,108,108,207,207,153,153,97,97,,35.05435531,-111.7196157
JC2,JC,190,190,173,173,226,228,153,155,103,111,116,116,197,203,240,240,108,108,207,207,153,156,97,97,,34.75793333,-111.0632
JC3,JC,190,190,173,173,226,228,153,155,103,111,116,116,197,203,240,240,108,108,207,207,153,156,97,97,,34.75836667,-111.0632833
JC4,JC,190,190,173,173,226,228,153,155,103,111,116,116,197,203,240,240,108,108,207,207,153,156,97,97,,34.75865,-111.0631167
JC6,JC,190,193,163,173,224,226,149,151,103,106,116,116,203,205,234,236,108,108,207,207,153,156,97,97,,34.75506667,-111.0637167
JC7,JC,190,193,163,173,224,226,149,151,103,106,116,116,203,205,234,236,108,108,207,207,153,156,97,97,,34.75505,-111.0638667
JC8,JC,190,193,163,173,224,226,149,151,103,106,116,116,203,205,234,236,108,108,207,207,153,156,97,97,,34.75515,-111.0642167
JC9,JC,190,193,163,173,224,226,149,151,103,106,116,116,203,205,234,236,108,108,207,207,153,156,97,97,,34.75518333,-111.0643333
JC11,JC,190,193,163,173,224,226,149,151,103,106,116,116,203,205,234,236,108,108,207,207,153,156,97,97,,34.75523333,-111.0644
JC12,JC,190,193,163,173,224,226,149,151,103,106,116,116,203,203,236,236,108,108,207,207,153,156,97,97,,34.7538,-111.0664
JC13,JC,190,193,163,173,224,226,149,151,103,106,116,116,203,203,236,236,108,108,207,207,153,156,97,97,,34.75396667,-111.06655
AZCH1,AZCH,190,193,173,173,224,224,151,153,103,106,116,116,197,197,238,238,108,108,207,207,156,156,97,97,,34.52343316,-110.9916274
AZCH3,AZCH,193,193,173,173,224,224,153,153,103,106,116,116,197,197,244,246,108,108,207,207,156,156,97,97,,34.51788275,-110.986473
AZCH4,AZCH,190,190,173,173,224,230,151,153,103,106,116,116,197,199,246,250,108,108,207,207,153,153,97,97,,34.51737681,-110.9866823
AZCH5,AZCH,190,193,173,173,224,224,153,153,106,106,116,116,197,205,244,248,108,108,207,207,156,156,97,97,,34.5173116,-110.9869198
CHV1,AZCH,190,193,173,173,224,224,151,153,106,106,116,116,195,197,242,244,108,108,207,207,156,156,97,97,,34.59338953,-110.7881946
CHV2,AZCH,190,193,173,173,224,224,151,153,106,106,116,116,195,197,244,250,108,108,207,207,156,156,97,97,,34.59281738,-110.7879079
CHV3,AZCH,190,193,173,173,224,224,151,153,106,106,116,116,195,197,244,246,108,108,207,207,156,156,97,97,,34.59196712,-110.7874446
CHV4,AZCH,193,196,173,173,224,224,151,153,106,106,116,116,195,203,238,244,108,108,207,207,156,156,97,97,,34.5898346,-110.7879521
CHV6,AZCH,190,193,173,173,224,224,151,153,106,106,116,116,195,197,244,244,108,108,207,207,156,156,97,97,,34.58977332,-110.788198
CHV7,AZCH,193,196,173,173,224,224,151,153,106,106,116,116,195,203,238,242,108,108,207,207,156,156,97,97,,34.5898755,-110.787548
ABC1X,ABC,193,193,173,173,224,226,149,153,103,106,116,116,195,205,244,248,108,108,207,207,153,156,97,97,,34.3237867,-110.6839332
ABC2X,ABC,190,193,173,173,224,224,151,153,103,103,116,116,199,201,242,244,108,108,207,207,156,162,97,97,,34.32385543,-110.68311
ABC3,ABC,193,193,173,173,224,224,151,153,103,106,116,116,201,205,244,246,108,108,207,207,156,156,97,97,,34.32205995,-110.7124504
ABC5,ABC,193,193,173,173,224,224,151,153,103,103,116,116,205,209,232,244,108,108,207,207,162,162,97,97,,34.32351588,-110.7101194
ABC7,ABC,190,196,173,173,224,224,151,153,103,103,116,116,197,197,242,242,108,109,207,207,153,162,97,97,,34.32375804,-110.7083914
ABC9,ABC,193,193,173,173,224,224,151,153,103,106,116,116,197,203,240,246,108,111,207,207,156,156,97,97,,34.32393909,-110.7078322
ABC11,ABC,193,193,173,173,224,224,151,153,103,106,116,116,197,203,236,246,108,111,207,207,156,156,97,97,,34.32393934,-110.7062312
ABC13,ABC,193,196,173,173,224,224,153,153,103,103,116,116,205,205,244,248,108,108,207,207,156,156,97,97,,34.32420923,-110.7046244
ABC14,ABC,193,193,173,173,224,224,151,153,103,106,116,116,199,199,232,242,108,108,207,207,156,156,97,97,,34.32252564,-110.6857617
ABC15,ABC,193,193,173,173,224,224,151,153,103,106,116,116,199,199,242,242,108,108,207,207,156,162,97,97,,34.32252606,-110.6853839
ABC16,ABC,193,193,173,173,224,224,149,151,106,106,116,116,195,205,242,244,108,108,207,207,156,162,97,97,,34.32246043,-110.6849602
ABC17,ABC,190,193,173,173,224,226,149,153,103,106,116,116,195,195,242,248,108,108,207,207,153,162,97,97,,34.32262514,-110.6842287
ABC18,ABC,190,193,173,173,224,226,149,153,103,106,116,116,195,195,242,246,108,108,207,207,153,162,97,97,,34.32322595,-110.6837388
ABC19,ABC,190,193,173,173,224,226,149,153,103,103,116,116,195,199,242,248,108,108,207,207,153,162,97,97,,34.32380925,-110.6834259
ABC21,ABC,190,193,173,173,224,224,149,153,106,106,116,116,195,205,242,242,108,108,207,207,162,162,97,97,,34.32656446,-110.6783987
ABC22,ABC,193,193,163,173,224,224,149,153,103,111,116,116,195,209,240,250,108,108,207,207,153,162,97,97,,34.32975546,-110.6764651
ABC23,ABC,193,193,163,173,224,224,149,153,103,111,116,116,195,209,240,248,108,108,207,207,153,162,97,97,,34.33026432,-110.6767713
ABC24,ABC,193,193,173,173,224,224,151,151,103,103,116,116,199,199,240,250,108,108,207,207,153,156,97,97,,34.33512339,-110.6698425
ABC25,ABC,193,193,173,173,224,224,149,151,103,103,116,116,197,199,242,248,108,108,207,207,153,153,97,97,,34.33534233,-110.6681109
ABC26,ABC,190,190,163,173,224,224,151,153,106,106,116,116,197,203,240,246,108,108,207,207,153,162,97,97,,34.34007907,-110.6618528
ABC27,ABC,193,193,173,173,224,230,151,153,103,103,116,116,199,204,248,248,108,108,207,207,156,162,94,97,,34.34481581,-110.6555947
ABC28,ABC,190,193,173,173,224,224,151,151,95,103,116,116,197,199,238,240,108,108,207,207,156,162,97,97,,34.35277174,-110.6512288
ABC29,ABC,190,193,173,173,224,224,151,153,98,103,116,116,197,201,238,238,108,108,207,207,153,156,97,97,,34.36048267,-110.6489661
ABC30,ABC,193,193,173,173,224,224,149,151,103,103,116,116,197,205,248,250,108,108,207,207,156,156,97,97,,34.36124107,-110.6491387
ABC31,ABC,193,193,173,173,224,224,151,153,103,103,116,116,205,217,240,240,108,108,207,207,153,156,97,97,,34.36381859,-110.6461793
ABC32,ABC,193,193,163,173,224,224,151,151,103,106,116,116,205,217,240,240,108,108,207,207,153,156,97,97,,34.36393174,-110.6456634
ABC33,ABC,193,193,163,173,224,224,151,151,103,103,116,116,199,217,240,240,108,108,207,207,156,156,97,97,,34.3651001,-110.6455447
ABC34,ABC,193,193,173,173,224,230,149,151,103,103,116,116,199,205,240,244,108,108,207,207,153,165,97,97,,34.36511518,-110.6446021
ABC35,ABC,193,193,173,173,224,224,151,153,103,103,116,116,199,217,240,240,108,109,207,207,153,162,97,97,,34.36840768,-110.6439757
ABC36,ABC,193,193,163,173,224,224,151,153,103,103,116,116,197,199,240,240,108,111,207,207,153,162,97,97,,34.37170018,-110.6433493
ABC37,ABC,193,193,173,173,224,224,151,151,103,103,116,116,197,199,240,244,108,109,207,207,156,162,97,97,,34.37182699,-110.6414854
ABC38,ABC,190,193,163,173,224,224,151,153,103,103,116,116,203,207,242,242,108,109,207,207,153,153,97,97,,34.37359893,-110.6387371
ABC39,ABC,190,193,163,173,224,224,153,153,103,103,116,116,197,207,242,242,108,108,207,207,153,162,97,97,,34.37387528,-110.6384814
ABC40,ABC,190,193,173,173,224,224,151,153,103,103,116,116,201,203,240,242,109,109,207,207,153,162,97,97,,34.37481279,-110.6383959
ABC42,ABC,193,193,163,173,224,224,151,153,103,103,116,116,197,209,240,246,108,111,207,207,156,162,97,97,,34.37037206,-110.6441983
BR6,BR,190,196,173,173,224,230,103,106,151,151,197,208,116,116,244,246,108,108,207,207,153,156,97,97,,33.73925272,-109.0706108
BR8,BR,190,196,173,173,224,230,103,106,151,151,195,199,116,116,240,252,108,109,207,207,153,156,97,97,,33.73650799,-109.069101
BR11,BR,193,193,173,173,230,232,98,103,151,151,193,201,116,116,246,246,108,109,207,207,156,162,97,97,,33.73588437,-109.0630229
BR12,BR,190,193,173,173,224,230,103,106,151,151,195,197,116,116,240,246,108,108,207,207,156,162,97,97,,33.73526746,-109.0611253
BR15,BR,190,193,173,173,224,230,103,106,151,151,201,207,116,116,238,246,108,108,207,207,156,162,97,97,,33.73281333,-109.0559871
BR16,BR,193,196,173,173,224,224,103,103,149,151,201,205,116,116,240,240,108,109,207,207,153,156,97,97,,33.75406832,-109.0731607
BR18,BR,190,193,173,173,224,230,103,106,151,151,197,203,116,116,242,244,108,109,207,207,156,162,97,97,,33.7538307,-109.0728822
BR19,BR,190,190,173,173,224,224,106,106,151,151,197,201,116,116,236,242,108,108,207,207,153,162,94,97,,33.75324857,-109.0726644
BR20,BR,190,190,173,173,224,224,103,106,151,151,199,201,116,116,238,243,108,108,207,207,153,162,97,97,,33.75294758,-109.0725201
BR21,BR,190,190,173,173,224,224,103,106,151,151,199,201,116,116,238,238,108,108,207,207,153,162,97,97,,33.75279193,-109.0724138
BR28,BR,193,193,173,173,224,224,103,103,151,151,199,203,116,116,236,244,108,109,207,207,156,162,97,99,,33.75169968,-109.0712894
BR30,BR,190,193,173,173,224,224,103,106,149,151,201,201,116,116,240,242,108,108,207,207,153,153,94,97,,33.75141914,-109.0708539
BR31,BR,190,193,173,173,224,230,106,106,151,151,197,199,116,116,240,244,108,108,207,207,153,156,97,99,,33.7511329,-109.0704106
BR33,BR,190,193,173,173,224,230,106,106,151,151,197,199,116,116,240,242,108,108,207,207,153,156,97,99,,33.75038666,-109.0704486
BR34,BR,190,193,173,173,224,230,103,106,149,151,197,205,116,116,236,244,108,108,207,207,162,162,97,97,,33.75034626,-109.0703448
BR35,BR,190,193,173,173,224,230,98,103,151,151,199,201,116,116,242,243,108,109,207,207,153,156,97,97,,33.75030125,-109.0701643
BR37,BR,190,193,173,173,224,230,151,151,103,103,116,116,199,199,236,243,108,109,207,207,153,156,97,97,,33.74998223,-109.0698681
BR39,BR,190,193,173,173,224,230,151,151,103,103,116,116,199,205,236,244,108,109,207,207,153,162,97,97,,33.74945861,-109.0696603
BR41,BR,190,193,173,173,224,230,151,151,103,103,116,116,199,201,236,240,108,109,207,207,153,156,97,97,,33.74896014,-109.0695671
BR42,BR,193,193,173,173,224,230,149,151,103,103,116,116,199,205,236,243,108,108,207,207,153,156,97,97,,33.74878479,-109.0693005
BR45,BR,193,196,173,173,224,224,151,151,103,106,116,116,193,203,246,248,108,109,207,207,156,156,97,97,,33.74659946,-109.0688582
BR46,BR,193,196,173,173,224,230,149,151,103,106,116,116,201,201,238,238,109,109,207,207,153,162,97,97,,33.74642462,-109.068884
BR47,BR,196,196,173,173,230,230,149,151,106,106,116,116,193,203,248,252,108,109,207,207,156,156,97,97,,33.7460978,-109.0690389
BR48,BR,190,190,173,173,224,230,149,151,103,106,116,116,197,205,242,244,108,108,207,207,153,156,97,97,,33.74594894,-109.0690217
BR49,BR,193,196,173,173,224,230,151,151,103,103,116,116,199,199,238,238,108,108,207,207,156,162,97,97,,33.7454555,-109.069314
BR50,BR,193,196,173,173,224,224,149,151,103,106,116,116,199,199,238,242,108,109,207,207,162,162,97,97,,33.74524847,-109.069191
BR51,BR,193,196,173,173,224,224,149,151,103,106,116,116,197,197,238,244,108,109,207,207,162,162,97,97,,33.74508217,-109.0692686
BR54,BR,193,196,173,173,224,224,149,151,103,106,116,116,199,199,238,244,108,109,207,207,162,162,97,97,,33.74485988,-109.0690647
BR55,BR,190,193,173,173,224,224,149,151,103,106,116,116,203,205,236,248,108,108,207,207,153,156,97,99,,33.74443173,-109.0695445
BR56,BR,193,193,173,173,224,226,149,151,103,103,116,116,201,207,236,241,108,110,207,207,153,162,97,99,,33.74414113,-109.0693745
BR58,BR,190,196,173,173,224,230,149,151,98,103,116,116,195,201,240,242,108,108,207,207,153,153,97,99,,33.74335307,-109.0693675
BR59,BR,193,193,173,173,224,230,151,153,103,106,116,116,199,203,250,250,108,108,207,207,156,156,97,99,,33.74301083,-109.069495
BR60,BR,193,196,173,173,224,230,151,151,103,103,116,116,201,201,238,240,108,108,207,207,153,156,97,97,,33.74293833,-109.0694556
BR61,BR,190,193,173,173,224,224,151,151,103,103,116,116,199,201,236,240,108,109,207,207,153,156,97,97,,33.74245235,-109.0698944
BR64,BR,190,193,173,173,224,224,149,151,103,103,116,116,199,205,236,240,108,109,207,207,153,162,97,99,,33.7411907,-109.0695709
BR65,BR,193,193,173,173,224,230,151,151,103,106,116,116,199,201,238,246,108,108,207,207,153,156,97,99,,33.74112088,-109.0694307
BR66,BR,193,196,173,173,224,230,151,151,106,106,116,116,195,207,236,244,108,108,207,207,153,162,97,97,,33.74013266,-109.0701257
BR67,BR,190,193,173,173,224,230,149,151,103,103,116,116,205,207,240,244,108,108,207,207,153,162,97,97,,33.73990928,-109.0701547
BR68,BR,190,196,173,173,230,230,151,151,103,103,116,116,197,197,238,246,108,108,207,207,153,156,97,97,,33.73965011,-109.0704922
BR70,BR,190,196,173,173,224,230,151,151,103,106,116,116,197,207,244,244,108,108,207,207,153,156,97,97,,33.7387908,-109.0704551
BR72,BR,193,196,173,173,224,230,149,151,103,103,116,116,195,199,244,246,108,109,207,207,156,162,97,97,,33.73810541,-109.0706055
BR73,BR,193,193,173,173,224,230,149,151,103,103,116,116,201,205,240,244,108,109,207,207,162,162,97,97,,33.73765564,-109.0705219
BR75,BR,190,193,173,173,224,224,151,151,103,106,116,116,199,199,238,246,108,109,207,207,153,162,97,97,,33.73704359,-109.0691328
BR76,BR,190,193,173,173,224,224,151,151,106,106,116,116,195,199,238,244,108,108,207,207,153,162,97,97,,33.73671477,-109.0680911
BR77,BR,193,193,173,173,224,224,151,151,103,103,116,116,195,199,238,238,108,109,207,207,156,162,97,97,,33.73632727,-109.0677112
BR102,BR,190,193,163,173,224,230,151,151,103,103,116,116,195,199,238,238,108,108,207,207,153,156,97,97,,33.72466419,-109.045153
BR104,BR,190,196,173,173,224,230,151,151,103,103,116,116,199,201,236,236,108,108,207,207,156,162,97,97,,33.7252065,-109.0448627
BR105,BR,193,193,173,173,224,230,151,151,103,103,116,116,193,197,236,243,108,108,207,207,156,162,97,97,,33.72386313,-109.0458543
BR106,BR,190,193,173,173,224,228,151,151,103,106,116,116,197,205,244,248,108,108,207,207,162,162,97,97,,33.7233784,-109.0455044
BR107,BR,193,193,173,173,224,230,151,151,103,103,116,116,199,205,236,236,108,108,207,207,153,162,97,99,,33.72282788,-109.0454797
BR108,BR,193,196,173,173,224,224,149,151,103,106,116,116,199,199,238,246,108,109,207,207,162,162,97,97,,33.72198894,-109.0454508
BR123,BR,190,193,173,173,224,224,151,151,103,103,116,116,197,199,240,240,108,109,207,207,153,156,97,97,,33.71718627,-109.0501112
BR124,BR,196,199,173,173,230,230,151,151,103,103,116,116,203,203,236,236,108,108,207,207,156,162,97,99,,33.717239,-109.0505086
QL1,QL,190,190,173,173,224,224,151,151,103,103,116,116,197,201,238,252,108,108,207,207,153,165,97,97,,34.11978316,-108.4300614
QL10,QL,190,193,173,173,226,230,149,151,103,106,116,116,197,201,236,238,108,108,207,207,156,162,97,97,,34.13613844,-108.4758894
QL11,QL,193,193,173,173,224,230,151,151,103,103,116,116,201,201,240,246,108,109,207,207,162,162,97,97,,34.13525792,-108.4788549
QL12,QL,193,193,173,173,224,230,149,151,103,103,116,116,197,205,234,238,108,109,207,207,156,162,97,97,,34.13517636,-108.4797911
QL2,QL,193,196,173,173,224,230,151,151,103,103,116,116,193,193,234,244,108,108,207,207,156,156,97,97,,34.13468007,-108.435882
QL3,QL,193,193,173,173,224,230,151,151,103,111,116,116,193,201,246,246,108,108,207,207,153,162,97,97,,34.13901586,-108.4483484
QL4,QL,190,193,173,173,224,230,151,151,103,103,116,116,193,197,234,238,108,108,207,207,156,162,97,97,,34.13987475,-108.4549343
QL5,QL,193,193,173,173,226,226,151,151,95,106,116,116,197,201,236,252,108,109,207,207,153,162,97,97,,34.13795991,-108.4612618
QL6,QL,190,193,173,173,224,224,151,153,103,103,116,116,197,197,236,236,108,109,207,207,156,162,97,97,,34.13872694,-108.4648032
QL7,QL,193,193,173,173,224,226,151,151,95,103,116,116,201,201,238,251,108,109,207,207,156,162,97,97,,34.13873004,-108.468135
QL8,QL,193,193,173,173,224,226,149,151,106,106,116,116,197,199,234,238,108,109,207,207,162,162,94,99,,34.13741743,-108.4710917
QL9,QL,190,193,173,173,230,230,149,151,103,106,116,116,197,205,234,238,108,109,207,207,156,162,97,99,,34.13620004,-108.4750398
IC2,IC,193,193,173,173,224,224,151,151,103,103,116,116,197,199,248,248,108,108,207,207,153,156,97,99,,33.39845493,-108.0984981
IC4,IC,193,193,173,173,224,224,151,151,95,103,116,116,197,201,238,248,108,108,207,207,156,156,99,99,,33.3980573,-108.0981576
IC5,IC,193,193,173,173,224,224,151,151,95,103,116,116,197,201,238,250,108,108,207,207,156,156,99,99,,33.39742413,-108.0991396
IC6,IC,190,190,163,173,224,230,149,151,103,106,116,116,199,199,238,254,108,108,207,207,153,162,97,97,,33.39704946,-108.0997034
IC7,IC,193,193,173,173,224,224,151,151,103,103,116,116,201,201,240,244,108,108,207,207,153,156,97,97,,33.3969788,-108.100174
IC8,IC,190,190,173,173,224,230,151,151,98,103,116,116,201,207,236,250,108,108,207,207,153,153,97,97,,33.39699254,-108.1002925
IC9,IC,193,193,173,173,224,224,151,151,103,103,116,116,201,203,238,242,108,108,207,207,153,156,97,99,,33.39753552,-108.1007478
LC10,LC,193,193,173,173,224,224,151,151,103,106,116,116,199,201,236,244,108,109,207,207,162,162,97,99,,33.77967873,-108.40036
LC11,LC,193,193,173,173,224,224,151,151,106,106,116,116,197,205,238,246,108,108,207,207,162,162,97,97,,33.78023646,-108.4269574
LC2,LC,190,193,173,173,224,224,149,151,103,106,116,116,201,203,243,244,108,108,207,207,153,162,97,97,,33.77834282,-108.3887362
LC3,LC,193,193,173,173,224,224,151,151,103,106,116,116,201,205,236,246,108,108,207,207,156,162,97,97,,33.77790134,-108.3893896
LC4,LC,193,193,173,173,224,224,151,151,103,103,116,116,199,199,236,240,108,108,207,207,162,162,97,97,,33.77743162,-108.3912182
LC5,LC,193,196,173,173,224,224,151,151,103,103,116,116,199,201,240,248,108,108,207,207,156,162,94,97,,33.777223,-108.3925059
LC6,LC,190,193,173,173,224,224,151,151,103,103,116,116,199,199,236,250,108,109,207,207,156,162,94,99,,33.77879946,-108.3966075
LC7,LC,193,193,173,173,224,224,151,151,103,103,116,116,199,201,236,246,108,109,207,207,162,162,97,99,,33.77946415,-108.3977217
LC8,LC,193,193,173,173,224,224,151,151,103,103,116,116,199,201,236,248,108,109,207,207,162,162,97,99,,33.77979641,-108.3989453
LC9,LC,193,193,173,173,224,224,151,151,103,106,116,116,199,199,236,244,108,109,207,207,162,162,97,99,,33.77817811,-108.3959191
BNM1,BNM,193,193,163,163,224,224,151,153,103,103,116,116,199,201,240,240,108,108,207,207,156,162,97,97,,35.79465397,-106.2986243
BNM3,BNM,193,193,163,173,224,226,151,153,103,103,116,116,199,207,238,248,108,108,207,207,156,162,97,97,,35.79207988,-106.2924024
BNM4,BNM,193,196,163,163,226,228,151,151,103,106,116,116,199,207,234,240,108,108,207,207,153,156,97,99,,35.79148536,-106.2909295
BNM5,BNM,193,193,163,173,226,228,151,153,103,106,116,116,201,207,236,240,108,108,207,207,153,162,97,99,,35.79100206,-106.2896442
BNM6,BNM,193,196,173,173,224,224,151,151,103,103,116,116,195,207,244,246,108,108,207,207,153,156,97,99,,35.79021919,-106.2886043
BNM7,BNM,193,193,163,173,224,224,153,153,103,103,116,116,195,207,240,244,108,108,207,207,153,156,97,97,,35.78861472,-106.2858142
BNM8,BNM,193,193,173,173,224,224,151,151,103,103,116,116,195,201,234,240,108,108,207,207,153,156,97,97,,35.78823024,-106.2848806
BNM9,BNM,193,193,173,173,224,228,151,151,103,106,116,116,207,207,234,246,108,108,207,207,156,156,97,97,,35.78598901,-106.2819106
BNM10,BNM,193,193,173,173,224,228,151,151,103,106,116,116,195,201,246,246,108,108,207,207,153,156,99,99,,35.78506289,-106.2805467
BNM11,BNM,196,196,173,173,224,224,153,153,103,106,116,116,195,201,240,246,108,108,207,207,156,156,97,97,,35.78432637,-106.2791991
BNM12,BNM,193,193,173,173,224,224,151,151,103,103,116,116,207,207,240,248,108,108,207,207,153,156,97,97,,35.78254673,-106.2752952
BNM13,BNM,193,193,173,173,224,224,149,153,106,106,116,116,195,203,234,242,108,108,207,207,153,156,97,97,,35.78093883,-106.2743925
BNM14,BNM,193,193,173,173,224,226,153,153,103,103,116,116,195,195,240,246,108,108,207,207,156,156,99,99,,35.77983652,-106.272544
BNM15,BNM,190,193,173,173,224,226,151,151,103,103,116,116,197,207,240,246,108,108,207,207,156,162,97,97,,35.77870564,-106.2710912
BNM16,BNM,190,196,173,173,228,230,151,151,103,106,116,116,195,207,240,248,108,108,207,207,156,156,99,99,,35.77816333,-106.2703278
BNM17,BNM,193,196,163,173,228,230,151,153,103,106,116,116,197,207,240,246,108,108,207,207,153,156,97,97,,35.7770166,-106.2693345
NMRP4,NMRP,190,196,163,173,224,226,149,153,103,111,116,116,193,199,234,236,108,108,207,207,156,162,99,99,,36.21034306,-105.8270131
NMRP5,NMRP,193,193,163,163,224,226,153,153,106,106,116,116,195,197,232,242,108,108,207,207,156,156,99,99,,36.17533226,-105.616278
NMRP6,NMRP,190,193,163,163,224,224,151,153,103,106,116,116,195,197,236,242,108,108,207,207,156,162,99,99,,36.17542564,-105.6164174
NMRP7,NMRP,190,193,163,173,224,226,151,153,87,103,116,116,185,195,238,240,108,108,207,207,156,162,99,99,,36.16480233,-105.5998906
NMRP9,NMRP,190,196,163,173,224,230,153,153,103,103,116,116,199,203,234,242,108,108,207,207,156,162,99,99,,36.19749125,-105.8659316
NMRR2,NMRR,196,196,163,163,224,224,157,157,98,106,116,116,197,199,246,246,108,108,207,209,156,156,99,99,,36.70763592,-105.4338902
NMRR3,NMRR,193,196,163,163,224,224,151,151,95,106,116,116,197,199,232,232,108,108,207,207,156,156,99,99,,36.70648911,-105.4493838
NMRR4,NMRR,196,196,163,163,224,224,153,153,98,106,116,116,195,199,232,232,108,108,207,207,156,162,99,99,,36.6950225,-105.4887621
NMRR6,NMRR,193,196,163,173,224,226,151,157,98,103,116,116,185,195,232,240,108,108,207,207,156,162,99,99,,36.68816275,-105.5402065
NMRR7,NMRR,193,196,163,173,224,226,151,157,98,103,116,116,185,195,232,240,108,108,207,207,156,162,99,99,,36.68807818,-105.5401952
NMRR9,NMRR,193,196,163,163,224,224,153,157,95,103,116,116,197,199,238,238,108,108,207,209,162,162,99,99,,36.7035593,-105.571833
NMRR10,NMRR,193,196,163,163,226,226,153,153,103,106,116,116,195,195,232,238,108,108,207,207,156,156,99,99,,36.70357363,-105.5716085
NMRR11,NMRR,190,196,163,163,224,226,153,153,103,103,116,116,195,197,238,240,108,108,207,207,156,162,99,99,,36.70374102,-105.5737867
MIAA,SM,193,196,163,163,224,224,153,157,103,106,116,116,187,197,234,236,108,108,207,207,162,162,99,99,,38.3565996,-108.71426
MIAC,SM,196,196,163,163,224,224,153,153,106,106,116,116,197,203,236,238,108,108,207,207,162,162,99,99,,38.356632,-108.71461
MIBE,SM,196,199,163,163,224,224,153,153,103,106,116,116,187,203,238,240,108,108,207,207,156,162,99,99,,38.3968496,-108.75203
MIBM,SM,190,196,163,163,226,226,153,153,95,106,116,116,197,203,236,238,108,108,207,207,156,162,99,99,,38.3889403,-108.75742
MIBK,SM,196,199,163,163,224,224,153,153,103,106,116,116,197,197,240,240,108,108,207,207,156,162,99,99,,38.3927765,-108.75525
51_MIBC,SM,196,199,163,163,224,224,153,153,95,95,116,116,187,195,234,236,108,108,207,207,156,156,99,99,,38.1078639,-108.18713
56_MIBC,SM,193,196,163,163,224,226,151,153,95,95,116,116,197,207,234,242,108,114,207,207,156,156,99,99,,38.1093424,-108.18881
60_MIBC,SM,193,196,163,163,224,224,151,153,106,106,116,116,195,195,244,248,108,108,207,207,156,156,99,99,,38.1098316,-108.18889
67_MIPP,SM,196,196,163,163,224,224,151,153,95,106,116,116,187,195,234,245,108,108,207,207,162,162,99,99,,38.2463747,-108.49016
70_MIPP,SM,190,196,163,163,224,226,153,153,98,106,116,116,195,195,240,240,108,108,207,207,156,162,99,99,,38.2450893,-108.49478
72_MIPP,SM,196,196,163,163,224,226,151,153,95,95,116,120,195,203,234,234,108,108,207,207,162,162,99,99,,38.2442135,-108.49693
88_MI1,SM,190,196,163,163,224,224,153,153,95,106,116,116,197,197,234,243,108,108,207,209,156,156,99,99,,38.3441625,-108.7011
92_MI1,SM,190,196,163,163,226,226,153,157,106,106,116,116,197,197,234,236,108,108,207,207,156,156,99,99,,38.3431045,-108.70119
100_MI1,SM,193,196,163,163,224,224,153,157,103,106,116,116,187,194,238,240,108,108,207,207,156,162,99,99,,38.3408353,-108.70263
23_MI2,SM,190,193,163,163,224,224,153,153,95,106,116,116,187,199,236,238,108,108,207,207,162,162,99,99,,38.33122,-108.69963
26_MI2,SM,196,196,163,163,224,224,153,153,106,106,116,116,197,197,238,246,108,108,207,209,162,162,99,99,,38.3322693,-108.69958
33_MI3,SM,196,196,163,163,224,224,153,153,95,103,116,116,193,197,210,210,108,112,207,207,156,162,99,99,,38.2949453,-108.66064
38_MI3,SM,190,193,163,163,224,224,153,153,103,106,116,116,187,207,236,238,108,108,207,207,156,162,99,99,,38.2943944,-108.65978
42_MI3,SM,193,196,163,163,224,224,151,157,95,106,116,116,193,203,238,240,108,108,209,209,156,162,99,99,,38.2955193,-108.66064
46_MI4,SM,190,196,163,163,224,224,153,157,103,106,116,116,187,199,236,244,108,108,207,207,156,162,99,99,,38.2511508,-108.61346
59_MI4,SM,196,196,163,163,226,226,153,157,103,106,116,116,195,207,236,243,108,108,207,207,156,162,99,99,,38.2492919,-108.61201
63_MI4,SM,196,196,163,163,224,224,151,153,95,106,116,116,185,211,236,243,108,112,207,207,156,162,99,99,,38.2534517,-108.61435
76_MIPP,SM,193,193,163,169,226,226,153,153,95,106,116,116,193,199,240,240,108,108,201,207,156,156,99,99,,38.2416556,-108.37371
80_MIPP,SM,193,196,163,163,224,224,153,153,103,106,116,116,201,205,234,242,108,108,207,207,156,162,99,99,,38.2416817,-108.3747
81_MIPP,SM,193,196,163,163,224,224,153,153,95,95,116,116,195,197,236,238,108,108,207,207,162,162,99,99,,38.242205,-108.37536
89_MISP,SM,196,196,160,163,226,226,151,153,95,106,116,116,195,195,236,238,108,108,207,209,156,162,99,99,,38.131651,-108.22308
94_MISP,SM,196,196,163,163,224,224,153,153,103,106,116,116,195,197,238,242,108,108,207,207,156,156,99,99,,38.1299325,-108.21689
98_MISP,SM,193,193,163,163,224,224,153,153,106,106,116,116,197,201,238,240,108,108,207,207,156,156,99,99,,38.1271391,-108.2105
COAR3,COAR,196,196,163,163,224,226,147,151,98,106,116,116,195,205,234,234,108,108,207,207,162,162,99,99,,38.46448459,-105.8605283
COAR6,COAR,193,196,163,163,224,224,153,157,98,106,116,116,193,207,232,234,108,108,207,207,156,162,99,99,,38.48481992,-105.912249
COAR7,COAR,190,193,163,163,226,226,151,153,106,106,116,116,197,205,238,242,108,108,207,207,156,156,99,99,,38.49428074,-105.917403
COAR8,COAR,193,196,163,163,226,226,153,153,95,95,116,116,195,207,236,238,108,108,207,207,156,162,99,99,,38.49397229,-105.917478
COAR9,COAR,196,196,163,163,224,226,153,153,95,98,116,116,195,195,234,236,108,108,207,207,156,156,99,99,,38.49372838,-105.9175417
COAR12,COAR,190,193,163,163,224,226,153,157,95,95,116,116,193,213,242,246,108,108,207,207,156,156,99,99,,38.65147856,-106.0512784
COAR13,COAR,196,196,163,163,224,224,153,153,98,106,116,116,199,213,232,238,108,108,207,207,156,156,99,99,,38.65167378,-106.052402
COAR15,COAR,196,196,163,163,224,224,153,153,98,106,116,116,199,213,232,238,108,108,207,207,156,156,99,99,,38.65287616,-106.0558576
COAR18,COAR,190,193,163,163,224,226,153,157,95,106,116,116,187,207,236,240,108,123,207,207,162,162,99,99,,38.7945325,-106.1122681
COAR19,COAR,193,199,163,163,224,226,151,153,106,106,116,116,187,199,236,236,108,108,207,207,156,162,99,99,,38.79436042,-106.1120292
COAR20,COAR,190,196,163,163,224,224,151,151,95,98,116,116,211,217,238,242,108,108,207,207,156,156,99,99,,38.79418834,-106.1120292
COBT9,COBT,190,199,163,163,224,228,155,157,95,103,116,116,195,203,234,238,108,108,207,207,156,156,99,99,,40.41027174,-105.3901129
COBT10,COBT,190,199,163,163,224,228,155,157,95,103,116,116,195,203,234,238,108,108,207,207,156,156,99,99,,40.41006027,-105.390399
COBT11,COBT,190,199,163,163,224,228,155,157,95,103,116,116,195,203,234,238,108,108,207,207,156,156,99,99,,40.4107729,-105.3893939
COBT12,COBT,190,199,163,163,224,228,155,157,95,103,116,116,195,203,234,238,108,108,207,207,156,156,99,99,,40.41070526,-105.3885558
COBT13,COBT,193,193,163,163,224,226,153,153,95,114,116,116,193,203,236,242,108,108,207,207,156,156,99,99,,40.41023889,-105.3799603
SV9,SV,193,196,163,163,224,226,147,153,95,98,116,116,197,203,234,238,108,108,207,207,156,156,99,99,,40.1673885,-105.3949795
SV10,SV,193,196,163,163,224,226,147,153,95,98,116,116,195,201,234,238,108,108,207,207,156,156,99,99,,40.16748514,-105.3945021
SV11,SV,190,193,163,163,224,226,147,157,106,106,116,120,197,201,236,238,108,116,207,207,156,162,99,99,,40.16769444,-105.3915979
SV12,SV,193,193,163,163,222,226,153,157,95,95,116,116,195,197,238,240,108,108,207,207,156,162,99,99,,40.16634445,-105.3843582
SV13,SV,193,193,163,163,222,224,153,157,87,95,116,116,203,205,232,242,108,121,207,207,156,156,99,99,,40.16793936,-105.3815711
SV14,SV,193,193,163,163,224,226,153,155,98,98,116,116,197,199,236,240,108,116,207,207,156,156,99,99,,40.17087596,-105.3713677
SV15,SV,193,193,163,163,224,224,147,149,95,98,116,116,189,197,236,246,106,108,207,211,156,162,99,99,,40.17178933,-105.3663904
SV16,SV,193,196,163,163,224,226,151,159,98,98,116,116,195,197,236,242,108,108,207,207,156,156,99,99,,40.17119162,-105.3636235
SV17,SV,196,196,163,163,224,226,151,153,95,98,116,116,191,205,238,244,108,108,207,207,156,156,99,99,,40.17776999,-105.3571382
SV20,SV,190,190,163,163,224,226,151,153,95,95,116,116,191,191,236,240,108,123,207,207,156,156,99,99,,40.17788205,-105.3431556
SV23,SV,193,196,163,163,224,226,151,153,103,106,116,116,195,197,236,244,108,121,207,207,156,162,99,99,,40.18292461,-105.3419922
SV28,SV,196,196,163,163,226,226,151,151,106,106,116,116,195,195,234,242,108,108,207,207,156,156,99,99,,40.20167995,-105.3211487
SV31,SV,193,196,163,163,224,226,155,155,106,106,116,120,193,193,232,240,106,108,207,207,156,162,99,99,,40.20349422,-105.3144016
SV32,SV,196,196,163,163,224,226,151,153,95,106,116,116,199,203,240,242,108,123,207,207,156,162,99,99,,40.20357602,-105.3115264
SV33,SV,193,196,163,163,226,226,151,153,98,106,116,120,201,201,244,246,106,108,207,207,156,162,99,99,,40.20352917,-105.3109174
SV34,SV,190,190,163,163,224,226,151,151,95,106,116,116,195,203,238,238,108,108,207,207,162,162,99,99,,40.20381952,-105.3079411
SV35,SV,193,193,163,163,224,224,151,151,95,103,116,116,191,195,234,244,108,108,207,207,162,162,99,99,,40.20396779,-105.3076618
SV37,SV,190,193,163,163,226,226,151,153,106,106,116,116,191,195,236,236,108,108,207,207,156,156,99,99,,40.2067049,-105.2938292
SV38,SV,190,196,163,163,226,226,151,153,106,106,116,116,189,195,236,238,108,108,207,207,156,156,99,99,,40.2065153,-105.2935293
SV39,SV,190,196,163,163,224,226,151,151,106,106,116,116,191,199,238,242,108,108,207,207,156,156,99,99,,40.20708553,-105.2912574
SV40,SV,196,196,163,163,224,224,151,153,103,106,116,116,197,197,234,244,108,108,207,207,156,156,99,99,,40.20926692,-105.2890817
SV41,SV,199,199,163,163,224,226,151,153,106,106,116,116,203,203,240,246,108,108,207,207,156,156,99,99,,40.20947848,-105.2889713
SV45,SV,190,190,163,163,226,226,151,153,95,103,116,120,191,199,232,244,108,108,207,207,156,156,99,99,,40.20900154,-105.2861568
SV48,SV,190,193,163,163,224,226,151,153,95,106,116,120,197,199,242,244,108,108,207,207,156,156,99,99,,40.2097223,-105.2793695
SV50,SV,196,196,163,163,224,224,151,153,103,106,116,116,195,199,238,240,106,108,207,207,156,162,99,99,,40.2105672,-105.27895
SV51,SV,190,190,163,163,224,226,151,151,95,95,116,116,195,199,238,240,108,108,207,207,162,162,99,99,,40.21411442,-105.2742243
SV52,SV,190,190,163,163,224,224,153,153,98,106,116,116,191,197,240,240,108,108,207,207,156,156,99,99,,40.21715253,-105.2742083
SV53,SV,193,196,163,163,224,226,151,153,95,106,116,116,195,203,236,240,108,123,207,207,156,156,99,99,,40.21737431,-105.259437
NP1,NP,190,193,163,163,226,228,151,153,95,114,116,116,191,197,236,250,106,108,207,207,156,156,99,99,,42.86253498,-105.8667058
NP2,NP,190,193,163,163,228,228,157,157,95,106,116,116,191,193,236,238,108,112,207,207,156,156,99,99,,42.86563653,-105.8653116
NP3,NP,190,193,163,163,224,226,151,151,98,103,116,116,187,193,236,236,114,116,207,207,156,162,99,99,,42.86601137,-105.8660341
NP4,NP,193,196,163,163,226,226,151,157,90,103,116,116,195,199,234,240,108,112,207,207,156,156,99,99,,42.86594826,-105.8663172
NP6,NP,190,190,163,163,224,226,151,151,95,106,116,116,199,205,236,242,108,121,207,207,156,162,99,99,,42.83913086,-106.3750117
NP8,NP,190,190,163,163,224,226,153,155,98,106,116,116,197,203,238,238,108,116,207,207,156,162,99,99,,42.82387697,-106.3714821
NP12,NP,190,193,163,163,224,226,151,153,106,106,116,116,187,191,232,238,106,112,207,207,156,156,99,99,,42.82318697,-106.3713079
NP13,NP,190,190,163,163,200,226,147,155,106,106,116,116,194,197,236,238,108,108,207,207,156,156,99,99,,42.82319049,-106.371078
NP14,NP,196,196,163,169,224,226,153,155,95,106,116,116,193,197,237,239,108,114,207,207,156,156,99,99,,42.77211151,-106.5317693
NP16,NP,193,196,163,163,226,226,147,151,106,114,116,116,189,194,234,236,108,116,207,209,156,156,99,102,,42.50176622,-106.7368424
NP17,NP,190,190,163,163,224,226,153,155,106,106,116,116,194,197,236,236,108,116,207,209,156,162,99,102,,42.50406344,-106.7358141
NP19,NP,190,196,163,173,224,224,153,155,106,106,116,116,191,197,234,236,106,112,207,207,156,156,99,99,,42.50817393,-106.7370338
NP21,NP,190,196,163,173,224,224,151,153,106,106,116,116,191,193,236,236,108,112,207,207,156,156,99,102,,42.50766573,-106.7363425
NP25,NP,190,196,163,163,224,226,153,155,90,95,116,116,193,194,234,240,108,108,207,209,156,156,99,102,,42.50766171,-106.7350598
NP26,NP,190,196,163,163,224,226,151,157,106,106,116,116,193,194,234,238,106,116,207,207,156,162,99,99,,42.55742356,-106.7154435
NP27,NP,190,193,163,163,224,224,153,155,103,103,116,116,193,195,234,238,106,108,207,207,156,162,99,99,,42.59367739,-106.6131977
NP29,NP,196,196,163,163,224,226,155,155,95,106,116,116,195,203,232,240,108,116,207,209,156,156,99,99,,42.59328201,-106.6147718
NP30,NP,190,190,163,163,224,226,155,159,103,106,116,116,193,194,234,242,106,116,207,207,156,159,99,99,,42.59347849,-106.6155482
NP31,NP,190,190,163,163,224,224,155,155,98,106,116,116,193,194,240,244,106,116,207,207,156,156,99,99,,42.59392315,-106.6155983
NP33,NP,190,196,163,163,226,226,155,155,98,106,116,116,191,193,234,240,106,116,207,207,162,162,99,99,,42.5943378,-106.6158316
NP36,NP,190,196,163,163,224,224,151,155,103,106,116,116,197,203,234,238,106,114,207,207,156,162,99,99,,42.70732854,-106.5651055
NP37,NP,190,193,163,163,224,226,151,155,106,106,116,116,205,213,234,234,106,106,207,207,162,162,99,99,,42.70745267,-106.5649734
NP38,NP,190,190,163,163,224,228,149,157,95,106,116,116,187,197,234,234,106,112,207,207,156,162,99,99,,42.70781804,-106.5643855
NP39,NP,190,199,163,163,224,224,151,151,95,106,116,116,193,194,232,242,108,114,207,207,162,162,99,99,,42.70792985,-106.5642056
NP40,NP,190,190,163,163,224,226,151,157,106,106,116,116,197,203,234,234,106,108,207,207,156,162,99,99,,42.70810956,-106.5638851
NP42,NP,190,193,163,163,224,226,151,157,98,106,116,116,199,213,240,244,106,114,207,207,162,162,99,99,,42.75094955,-106.520087
NP65,NP,190,196,163,163,224,226,147,157,103,106,116,116,194,195,232,238,108,112,207,207,156,156,99,99,,42.83231897,-105.4919242
NP66,NP,196,196,163,163,224,226,151,157,106,106,116,120,191,194,232,236,108,112,207,207,156,156,99,99,,42.83244453,-105.4911461
NP67,NP,193,193,163,163,224,226,153,157,106,114,116,116,193,194,238,246,108,112,207,207,156,156,99,99,,42.85828477,-105.5584893
NP75,NP,190,193,163,163,226,226,151,155,106,106,116,116,195,197,234,238,108,108,207,207,156,162,99,99,,42.84226368,-105.8081988
NP76,NP,190,196,163,163,226,226,153,157,95,106,116,116,191,191,238,244,106,112,207,207,162,162,99,99,,42.84290414,-105.8093333
NP80,NP,196,196,163,163,224,226,153,155,103,114,116,116,191,194,238,240,112,112,207,207,156,159,99,99,,42.87044615,-105.8649342
NP83,NP,196,196,163,163,226,226,153,155,95,103,116,116,189,193,232,240,108,114,207,207,156,156,99,99,,42.8514453,-105.9798536
NP86,NP,196,196,163,163,224,226,153,153,106,106,116,116,195,199,234,242,108,108,207,207,156,156,99,99,,42.86336479,-106.1034214
NP91,NP,190,196,163,163,226,226,153,155,106,106,116,116,191,197,232,240,114,116,207,207,156,162,99,99,,42.81147335,-106.4158985
NLX10,NLX,190,190,163,173,226,230,157,157,98,106,116,116,189,195,234,234,110,114,207,207,156,156,97,99,,38.86346511,-114.1746268
NLX14,NLX,190,190,163,173,226,226,157,157,98,106,116,116,195,197,234,242,108,110,207,207,156,162,99,99,,38.86207681,-114.1712721
NLX16,NLX,190,190,163,173,226,226,157,157,98,106,116,116,195,197,234,238,108,110,207,207,156,162,99,99,,38.86163919,-114.1698996
NLX22,NLX,190,190,163,163,224,224,155,157,98,106,116,116,189,199,236,246,110,116,207,207,156,162,99,99,,38.85902714,-114.1469402
NLX31,NLX,190,193,163,173,224,226,147,155,95,98,116,116,197,201,234,238,108,116,207,207,156,162,97,99,,38.8575251,-114.1211417
NLX33,NLX,190,190,163,173,224,230,149,155,106,106,116,116,195,199,240,248,108,108,207,207,162,162,97,99,,38.85394,-114.1045195
NLX34,NLX,190,193,163,173,224,226,153,155,98,103,116,116,191,201,240,242,110,116,207,207,153,162,99,99,,38.85459227,-114.1081209
NLX35,NLX,193,193,163,173,224,226,147,155,95,98,116,116,189,205,240,243,108,116,207,207,153,156,99,99,,38.85378334,-114.1012171
NSN2,NSN,190,190,163,163,224,226,151,155,95,95,116,116,189,191,236,240,108,116,207,207,153,156,99,99,,38.92461377,-114.0796015
NSN3,NSN,190,193,163,163,224,224,155,157,95,95,116,116,191,197,234,236,106,114,207,207,156,156,99,99,,38.9235864,-114.0823212
NSN10,NSN,190,190,173,173,224,226,155,157,95,106,116,116,189,191,236,240,106,116,207,207,156,156,97,99,,38.91802912,-114.1027363
NSN11,NSN,190,190,173,173,224,226,155,157,95,106,116,116,189,191,236,242,106,116,207,207,156,156,97,99,,38.91800598,-114.1039452
NSN14,NSN,190,190,163,163,226,226,155,157,95,95,116,116,189,195,234,240,108,108,207,207,153,156,97,99,,38.9192035,-114.1245398
NSN16,NSN,193,193,163,163,226,226,155,155,95,95,116,116,191,195,236,236,106,116,207,207,153,156,97,99,,38.91931876,-114.1269161
NSN18,NSN,190,193,173,173,224,224,155,159,98,106,116,116,193,197,232,234,114,114,207,207,156,156,97,97,,38.91887778,-114.1317049
NSN19,NSN,190,193,173,173,224,224,155,159,98,106,116,116,193,197,234,236,108,114,207,207,156,156,97,97,,38.91887778,-114.1317049
NSN22,NSN,190,190,163,173,224,224,155,157,95,106,116,116,189,193,236,236,106,116,207,207,153,156,99,99,,38.91661526,-114.1475203
NSN25,NSN,190,190,163,173,224,226,155,155,95,98,116,116,191,195,238,238,106,116,207,207,153,153,97,99,,38.91189817,-114.162643
NSN26,NSN,190,190,163,163,224,226,155,157,95,106,116,116,191,197,240,242,106,114,207,207,162,162,99,99,,38.91189817,-114.162643
NWV5,NV,190,190,163,173,226,232,155,157,106,111,116,116,191,193,234,234,108,110,207,207,153,162,99,99,,39.087172,-114.202003
NWV6,NV,190,193,163,173,226,232,155,155,95,111,116,116,195,197,232,234,106,108,207,207,156,162,97,99,,39.08723,-114.203385
NWV7,NV,190,199,163,173,226,234,155,155,95,111,116,116,193,197,232,234,108,116,207,207,156,162,99,99,,39.08604017,-114.1978275
NWV10,NV,190,193,163,163,226,226,155,157,95,98,116,116,195,195,234,236,106,108,207,207,153,156,97,105,,39.08337724,-114.195001
NSP1,NV,190,190,163,163,224,226,157,157,95,95,116,116,189,197,238,244,114,114,207,207,156,162,99,105,,39.16983649,-114.3716501
NSP4,NV,190,190,163,163,224,226,157,157,95,95,116,116,189,197,238,242,114,114,207,207,156,162,99,105,,39.16983649,-114.3716501
XNEC1,XNEC,190,190,163,163,224,224,155,157,98,106,116,116,189,197,240,240,108,114,207,207,153,156,97,99,,39.495815,-114.649108
XNEC6,XNEC,190,190,163,163,224,230,157,157,95,95,116,116,195,197,230,234,106,108,207,207,162,162,99,99,,39.495815,-114.649108
XNEC7,XNEC,190,190,163,163,224,230,157,157,95,95,116,116,195,195,234,236,107,108,207,207,156,162,99,99,,39.495815,-114.649108
XNEC9,XNEC,190,190,163,163,226,226,155,157,95,95,116,116,195,197,234,236,106,108,207,207,156,162,99,99,,39.495815,-114.649108
XNEC12,XNEC,190,190,163,163,226,230,155,155,95,95,116,116,195,197,234,246,106,108,207,207,156,162,99,99,,39.495815,-114.649108
NKZ2,NKZ,190,190,163,173,224,226,155,155,95,106,116,116,197,197,236,242,106,108,207,207,162,162,99,99,,39.56377462,-114.5519787
NKZ4,NKZ,190,190,163,163,226,230,157,157,95,98,116,116,195,201,238,248,106,110,207,207,153,162,99,99,,39.56318119,-114.5573707
NKZ5,NKZ,190,190,163,163,226,230,157,157,95,98,116,116,195,201,238,246,106,110,207,207,153,162,99,99,,39.56330976,-114.5579268
NKZ6,NKZ,190,190,163,173,226,226,151,157,95,98,116,116,197,197,242,244,108,108,207,207,156,162,97,99,,39.56389692,-114.5624049
NKZ8,NKZ,190,190,173,173,224,226,155,157,95,95,116,116,189,197,234,240,106,108,207,207,162,162,97,99,,39.56641895,-114.5775784
NKZ9,NKZ,190,190,163,173,224,226,155,155,95,95,116,116,189,197,234,238,106,114,207,207,162,162,99,99,,39.56634586,-114.5783185
NKZ10,NKZ,190,190,163,163,224,226,155,157,95,98,116,116,195,197,234,234,108,108,207,207,153,162,99,99,,39.56586264,-114.5800998
UTIC50,UTIC,193,196,163,163,224,224,151,159,103,106,116,116,197,199,234,250,108,108,207,207,156,156,99,99,,37.9767771,-109.5182872
UTIC51,UTIC,193,196,163,163,224,224,151,159,103,106,116,116,197,199,234,250,108,108,207,207,156,156,99,99,,37.9769299,-109.5185017
UTIC52,UTIC,193,196,163,163,228,228,151,159,103,106,116,116,197,199,236,250,108,108,207,207,156,156,99,99,,37.97714313,-109.5185128
UTIC53,UTIC,193,196,163,163,224,226,153,155,103,103,116,116,193,197,234,234,108,108,207,207,156,162,99,99,,37.9774075,-109.5185087
UTIC54,UTIC,193,196,163,163,224,224,151,159,103,106,116,116,197,199,234,234,108,108,207,207,156,156,97,99,,37.97735226,-109.5183696
UTIC55,UTIC,193,196,163,163,224,224,151,159,103,106,116,116,197,199,234,234,108,108,207,207,156,156,99,99,,37.97732519,-109.5181446
UTIC56,UTIC,193,196,163,163,224,224,151,153,103,103,116,116,193,197,234,234,108,116,207,207,156,156,99,99,,37.97734363,-109.5180354
UTIC57,UTIC,190,196,163,163,224,226,153,153,95,106,116,116,193,203,232,234,108,116,207,207,156,162,99,99,,37.97777622,-109.518351
UTIC58,UTIC,193,193,163,163,224,226,153,153,103,106,116,116,193,195,234,238,108,112,207,207,156,156,99,99,,37.9779017,-109.5180985
UTIC59,UTIC,193,193,163,163,224,226,153,153,103,106,116,116,193,195,234,238,108,112,207,207,156,156,99,99,,37.97809247,-109.5183452
UTIC60,UTIC,193,193,163,163,224,226,153,153,103,106,116,116,193,195,234,238,108,112,207,207,156,156,97,99,,37.97821996,-109.5179817
UTIC61,UTIC,193,193,163,163,224,224,151,153,103,103,116,116,187,193,234,242,108,116,207,207,156,162,99,99,,37.97860569,-109.5181629
UTIC62,UTIC,193,193,163,163,224,224,151,153,103,103,116,116,187,193,234,242,108,116,207,207,156,162,99,99,,37.97879856,-109.5177798
UTIC63,UTIC,190,190,163,163,224,224,153,153,103,106,116,116,193,195,234,234,108,108,207,207,156,156,99,99,,37.97887802,-109.5175061
UTIC64,UTIC,193,196,163,163,224,226,151,153,95,103,116,116,193,197,234,236,108,108,207,207,156,156,99,99,,37.97904935,-109.5174919
UTIC65,UTIC,193,193,163,163,224,224,151,153,103,106,116,116,193,193,234,238,108,108,207,207,156,162,99,99,,37.97919318,-109.5173674
UTIC66,UTIC,193,193,163,163,224,226,151,153,103,106,116,116,193,193,234,238,108,108,207,207,156,162,99,99,,37.97945973,-109.5175137
UTIC67,UTIC,196,196,163,163,224,224,153,155,90,95,116,116,187,195,232,248,108,108,207,207,156,162,99,99,,37.97962041,-109.5178019
UTIC68,UTIC,196,196,163,163,224,224,153,155,90,95,116,116,187,195,232,248,108,108,207,209,156,162,99,99,,37.97983364,-109.5178137
UTIC69,UTIC,193,196,163,163,224,226,153,153,95,103,116,116,193,195,232,234,108,108,207,207,156,156,99,99,,37.97990413,-109.5176118
UTIC70,UTIC,193,196,163,163,224,226,153,153,95,103,116,116,193,195,232,234,108,108,207,207,156,156,99,99,,37.97995862,-109.5174744
UTIC71,UTIC,190,196,163,163,224,228,151,153,106,106,116,116,197,197,234,238,108,116,207,207,156,156,99,99,,37.98002047,-109.5171481
UTIC72,UTIC,190,196,163,163,226,226,153,153,106,106,116,116,193,195,232,232,108,108,207,207,162,162,99,99,,37.98002919,-109.5169985
UTIC73,UTIC,196,196,163,163,224,226,153,153,90,106,116,116,193,197,232,232,108,108,207,207,156,162,99,99,,37.98045742,-109.5166355
UTIC74,UTIC,193,196,163,163,224,224,151,157,103,103,116,116,187,199,234,234,112,116,207,207,156,156,99,99,,37.98063143,-109.5166494
UTIC75,UTIC,196,196,163,163,224,224,153,153,90,95,116,116,193,199,232,236,108,108,207,207,156,162,99,99,,37.98074065,-109.5166739
UTIC76,UTIC,196,196,163,163,224,224,153,155,90,103,116,116,187,195,232,236,108,108,207,209,156,156,99,99,,37.98185863,-109.5163421
UTIC77,UTIC,190,193,163,163,224,224,153,157,95,103,116,116,187,197,238,242,108,116,207,207,156,162,99,99,,37.98202786,-109.5163228
UTIC78,UTIC,196,196,163,163,224,224,153,153,95,103,116,116,193,197,236,236,108,108,207,207,156,162,99,99,,37.98211813,-109.5165035
UTIC79,UTIC,190,196,163,163,224,226,151,153,98,103,116,116,193,197,234,234,108,108,207,207,162,162,99,99,,37.98222902,-109.5165772
UTIC80,UTIC,190,196,163,163,224,226,151,153,98,103,116,116,193,197,234,234,108,108,207,207,162,162,99,99,,37.98233313,-109.516447
UTIC81,UTIC,193,196,163,163,224,226,151,151,95,103,116,116,191,193,234,238,108,108,207,207,156,162,97,99,,37.98256841,-109.5163237
UTIC82,UTIC,190,190,163,169,200,226,151,154,95,96,116,116,193,209,218,232,104,112,207,207,156,156,94,99,,37.98281408,-109.5162621
UTIC83,UTIC,196,196,163,163,224,226,153,157,95,98,116,116,193,197,240,242,108,108,207,207,156,162,99,99,,37.98287971,-109.5164695
UTIC84,UTIC,196,196,163,163,224,226,153,157,95,98,116,116,193,197,240,242,108,108,207,207,156,162,99,99,,37.98310309,-109.5166995
UTIC85,UTIC,190,196,163,163,224,226,153,153,95,106,116,116,193,197,234,240,108,108,207,207,162,162,99,99,,37.98322245,-109.5166662
UTIC86,UTIC,190,190,163,163,224,224,153,153,103,106,116,116,197,199,234,236,108,108,207,207,162,162,99,99,,37.98335815,-109.5165397
UTIC87,UTIC,190,193,163,163,224,226,153,153,95,106,116,116,195,197,234,234,108,108,207,207,162,162,99,99,,37.98360474,-109.5164786
UTIC88,UTIC,190,196,163,163,224,200,153,153,96,103,116,116,197,197,214,214,108,108,207,207,156,156,99,99,,37.98406047,-109.5164483
UTIC89,UTIC,190,190,163,163,224,226,151,153,95,103,116,116,187,199,232,234,108,108,207,207,156,156,99,99,,37.984325,-109.516529
UTBR1,UTBR,190,199,163,173,224,226,155,157,95,106,116,116,197,201,240,244,114,114,207,207,156,156,99,99,,38.27051704,-112.4839156
UTBR2,UTBR,190,199,163,163,224,224,155,157,95,95,116,116,195,199,234,234,110,114,207,207,156,156,99,99,,38.27054705,-112.4840979
UTBR3,UTBR,190,199,163,163,224,224,155,157,95,98,116,116,197,199,240,244,108,114,207,207,156,156,99,99,,38.27058057,-112.4843001
UTBR4,UTBR,190,193,163,163,224,224,155,157,95,106,116,116,193,197,212,212,106,106,207,207,153,162,97,99,,38.27064394,-112.4846113
UTBR5,UTBR,190,193,163,163,224,224,155,157,95,106,116,116,193,197,238,242,106,106,207,207,153,162,97,99,,38.27075559,-112.4847827
UTBR6,UTBR,190,193,163,163,224,224,155,157,95,106,116,116,193,197,238,242,106,106,207,207,153,162,97,99,,38.27060228,-112.4851031
UTBR7,UTBR,190,190,163,163,224,224,155,157,95,98,116,116,191,195,238,242,106,114,207,207,156,156,99,99,,38.26910871,-112.47942
UTBR8,UTBR,190,193,163,163,224,224,157,157,95,106,116,116,189,197,242,242,110,114,207,207,156,156,99,99,,38.26776962,-112.483253
UTBR9,UTBR,193,193,163,163,224,224,157,157,98,106,116,116,195,197,232,234,106,108,207,207,153,156,99,99,,38.26764741,-112.483256
UTBR10,UTBR,190,193,173,173,226,226,157,157,95,95,116,116,195,195,234,240,106,114,207,207,156,156,99,99,,38.26712186,-112.4836964
UTBR11,UTBR,190,193,163,163,224,224,146,157,95,98,116,116,195,197,234,236,106,106,207,207,156,156,97,97,,38.26713737,-112.4838933
UTBR12,UTBR,190,193,163,173,224,224,155,157,95,95,116,116,195,197,240,242,106,114,207,207,156,156,97,99,,38.26713159,-112.4842711
UTBR14,UTBR,190,190,163,173,224,226,157,161,98,106,116,116,195,197,242,242,108,108,207,207,156,156,97,99,,38.26704986,-112.485905
UTBR15,UTBR,190,193,163,173,224,224,157,157,95,95,116,116,189,195,234,242,106,110,207,207,156,162,99,99,,38.26688885,-112.4866143
UTBR16,UTBR,190,193,163,173,224,224,155,157,95,98,116,116,195,197,234,234,106,108,207,207,153,156,99,99,,38.26688172,-112.4869076
UTBR17,UTBR,190,193,163,173,224,224,157,157,95,95,116,116,195,195,234,242,106,114,207,207,153,162,99,99,,38.2666819,-112.488587
UTBR18,UTBR,190,193,173,173,224,224,155,157,95,95,116,116,189,195,232,242,106,106,207,207,153,156,97,99,,38.26654729,-112.4888605
UTBR19,UTBR,190,193,163,163,224,224,146,157,95,95,116,116,195,197,240,242,106,108,207,207,153,156,99,99,,38.26639985,-112.4891693
UTBR20,UTBR,190,190,163,163,224,224,157,157,95,106,116,116,195,197,240,240,106,114,207,207,156,162,99,99,,38.26619583,-112.4890921
UTBR21,UTBR,190,190,163,163,224,224,157,157,95,98,116,116,189,199,234,234,106,110,207,207,156,162,99,99,,38.26393012,-112.4914811
UTBR22,UTBR,190,190,163,173,224,226,155,157,98,106,116,116,195,195,238,240,114,114,207,207,156,156,99,99,,38.26354858,-112.4916609
UTBR23,UTBR,190,190,163,173,224,226,157,157,95,98,116,116,195,197,236,236,106,110,207,207,156,156,97,99,,38.26340801,-112.4920037
UTBR24,UTBR,190,193,163,173,226,226,155,161,98,106,116,116,191,195,238,238,110,114,207,207,156,162,97,99,,38.26337398,-112.4921974
UTBR25,UTBR,190,193,163,173,224,226,155,155,95,106,116,116,195,197,240,240,110,114,207,207,156,156,97,99,,38.2634609,-112.4940141
UTBR26,UTBR,190,190,163,163,224,224,157,157,95,98,116,116,189,195,238,246,106,108,207,207,153,156,99,99,,38.26338035,-112.4943858
UTBR27,UTBR,190,190,163,163,224,224,157,157,95,98,116,116,189,197,238,238,108,114,207,207,156,156,99,97,,38.26364337,-112.493951
UTBR28,UTBR,190,193,163,163,224,226,151,157,98,106,116,116,195,195,234,234,114,114,207,207,153,156,99,99,,38.26233479,-112.5024029
UTBR29,UTBR,190,190,163,163,224,226,153,157,98,106,116,116,191,195,242,246,108,114,207,207,156,162,99,99,,38.26239841,-112.5022319
UTBR30,UTBR,190,190,163,163,226,226,153,161,98,106,116,116,191,199,242,242,108,114,207,207,156,162,99,99,,38.26212902,-112.5024629
UTBR31,UTBR,190,193,163,163,224,224,155,155,95,98,116,116,189,197,234,244,108,110,207,207,156,156,99,99,,38.26099494,-112.5081977
UTBR32,UTBR,190,193,163,163,224,224,155,155,95,98,116,116,189,197,234,244,108,110,207,207,156,156,99,99,,38.26088053,-112.5081392
UTBR33,UTBR,190,193,173,173,224,224,155,155,95,95,116,116,195,197,240,240,108,114,207,207,156,162,99,99,,38.26102026,-112.5084746
UTBR34,UTBR,190,190,163,173,224,226,155,157,95,98,116,116,189,191,232,238,106,108,207,207,162,162,99,99,,38.26109653,-112.508887
UTBR35,UTBR,190,193,163,173,224,224,151,155,95,95,116,116,189,195,234,244,110,114,207,207,156,156,99,99,,38.25974084,-112.5214612
UTBR36,UTBR,190,193,163,163,224,224,157,157,95,98,116,116,189,195,234,240,108,114,207,207,156,156,97,99,,38.26000756,-112.5211254
UTBR37,UTBR,190,193,163,163,224,224,151,157,95,106,116,116,189,195,234,234,110,114,207,207,156,162,97,99,,38.25962031,-112.5212374
UTBR38,UTBR,190,193,163,163,224,224,157,157,98,106,116,116,195,197,234,234,106,114,207,207,156,156,99,99,,38.25794167,-112.5223496
UTBR39,UTBR,190,190,163,163,224,226,155,157,95,98,116,116,191,195,232,238,108,108,207,207,156,162,99,99,,38.2576043,-112.5225604
UTBR40,UTBR,190,193,163,163,224,226,155,157,95,106,116,116,195,195,244,246,114,114,207,207,153,156,99,99,,38.25548778,-112.5284898
UTBR41,UTBR,190,193,163,163,224,226,157,157,95,98,116,116,189,195,234,234,108,108,207,207,156,162,99,99,,38.25203318,-112.5342133
UTBR42,UTBR,190,190,163,163,224,224,157,157,95,95,116,116,195,197,234,248,106,110,207,207,162,162,99,99,,38.25184166,-112.5347066
UTBR43,UTBR,193,193,163,163,224,224,155,157,95,98,116,116,195,199,232,244,108,110,207,207,153,156,99,99,,38.25534831,-112.5409624
UTBR44,UTBR,190,193,163,173,224,224,157,157,98,106,116,116,195,199,238,238,108,114,207,207,156,162,99,99,,38.25534739,-112.5411853
UTBR45,UTBR,190,193,163,163,224,224,155,155,98,98,116,116,189,199,242,242,108,110,207,207,156,162,99,99,,38.25863594,-112.5439782
UTBR46,UTBR,190,193,163,173,224,224,157,157,95,98,116,116,195,195,242,242,114,114,207,207,153,153,99,99,,38.25886871,-112.5439655
UTBR47,UTBR,190,193,163,173,224,224,155,157,95,95,116,116,189,199,238,240,106,106,207,207,162,162,99,99,,38.25897147,-112.5442244
UTBR48,UTBR,190,193,163,163,224,224,146,155,95,98,116,116,191,199,238,240,106,114,207,207,156,162,99,97,,38.25925872,-112.5443014
UTBR49,UTBR,193,193,163,163,224,224,157,157,95,95,116,116,197,199,238,242,106,114,207,207,153,156,99,99,,38.26233136,-112.5474097
UTBR50,UTBR,193,193,163,163,224,224,157,157,95,95,116,116,197,199,238,242,106,114,207,207,153,156,99,99,,38.26269463,-112.5475962
UTCC1,UTCC,190,193,163,173,224,226,155,157,95,106,116,116,189,193,232,232,106,108,207,207,156,162,97,97,,38.7543795,-112.3684579
UTCC2,UTCC,190,190,163,173,224,224,155,157,103,106,116,116,189,195,236,242,110,110,207,207,156,156,99,99,,38.75453196,-112.3686029
UTCC3,UTCC,190,193,163,163,224,224,157,157,98,98,116,116,189,197,234,238,112,112,207,207,153,156,97,99,,38.75480874,-112.368432
UTCC4,UTCC,190,193,163,163,224,224,157,157,98,98,116,116,189,197,234,238,112,112,207,207,153,156,97,99,,38.75473254,-112.3691152
UTCC5,UTCC,190,193,163,173,224,224,157,157,95,106,116,116,189,191,232,242,106,110,207,207,156,162,97,99,,38.75471846,-112.3694061
UTCC6,UTCC,190,193,163,163,224,224,157,157,95,106,116,116,189,197,232,244,108,110,207,207,156,162,97,99,,38.75464889,-112.3695639
UTCC7,UTCC,190,193,163,163,226,226,155,157,95,98,116,116,193,195,244,244,108,112,207,207,156,156,97,99,,38.75473816,-112.3696688
UTCC8,UTCC,190,190,163,173,224,226,157,157,95,106,116,116,195,195,234,236,110,110,207,207,156,162,99,99,,38.75479348,-112.3697855
UTCC9,UTCC,190,193,163,173,224,224,157,157,98,106,116,116,195,197,232,238,106,112,207,207,156,162,97,99,,38.75496221,-112.369951
UTCC10,UTCC,190,190,163,173,224,226,155,157,95,98,116,116,195,197,232,236,112,112,207,207,156,162,97,99,,38.75522708,-112.3702081
UTCC11,UTCC,190,190,163,173,224,224,155,157,98,106,116,116,193,197,232,248,106,108,207,207,162,162,99,99,,38.75551256,-112.3703519
UTCC12,UTCC,190,190,163,173,224,224,155,157,98,106,116,116,195,197,236,242,106,110,207,207,156,162,99,99,,38.75573443,-112.3704521
UTCC13,UTCC,190,193,163,173,224,224,155,157,95,95,116,116,195,195,246,246,108,110,207,207,156,156,99,99,,38.75584449,-112.370676
UTCC14,UTCC,190,190,163,163,224,224,155,157,95,98,116,116,195,195,236,242,106,116,207,207,156,162,99,99,,38.7562464,-112.3707697
UTCC15,UTCC,193,193,163,163,224,224,155,157,95,106,116,116,195,197,236,242,106,116,207,207,156,162,99,99,,38.75618303,-112.3712541
UTCC16,UTCC,193,193,163,163,224,224,155,157,95,106,116,116,195,197,236,242,106,116,207,207,156,162,99,99,,38.7562314,-112.3712459
UTCC17,UTCC,193,193,163,163,224,224,155,157,95,106,116,116,195,197,236,242,106,116,207,207,156,162,99,99,,38.75621279,-112.3715677
UTCC18,UTCC,193,193,163,163,224,224,155,157,95,106,116,116,195,197,242,242,106,116,207,207,156,162,99,99,,38.75619711,-112.371658
UTCC19,UTCC,190,193,163,173,224,224,147,155,95,95,116,116,195,195,242,242,106,108,207,207,156,156,99,99,,38.75607792,-112.3719144
UTCC20,UTCC,190,190,163,163,224,224,155,157,98,106,116,116,195,195,232,242,110,110,207,207,156,156,99,97,,38.75627942,-112.3721891
UTCC21,UTCC,190,190,163,163,224,224,155,157,98,106,116,116,195,195,232,244,110,110,207,207,156,156,97,99,,38.75645167,-112.3720192
UTCC22,UTCC,190,190,163,163,224,224,155,157,98,106,116,116,195,195,232,244,110,110,207,207,156,156,99,97,,38.75660984,-112.3723024
UTCC23,UTCC,190,190,163,173,224,224,155,157,95,98,116,116,195,195,232,236,106,110,207,207,156,156,99,99,,38.75675577,-112.3728079
UTCC24,UTCC,190,193,163,173,224,224,155,155,95,98,116,116,195,195,238,242,110,116,207,207,162,162,97,99,,38.75686591,-112.3728471
UTCC25,UTCC,190,190,163,163,224,224,155,157,106,106,116,116,195,195,232,244,106,110,207,207,156,156,97,99,,38.75701494,-112.3725807
UTCC26,UTCC,190,190,163,163,226,226,155,157,95,106,116,116,195,195,232,244,108,116,207,207,156,162,99,99,,38.7571928,-112.3726444
UTCC27,UTCC,190,190,163,163,224,224,155,157,95,98,116,116,195,195,240,246,108,110,207,207,156,156,99,99,,38.75729221,-112.3727372
UTCC28,UTCC,190,190,163,173,224,224,155,157,95,106,116,116,197,197,234,242,108,112,207,207,156,162,99,99,,38.7573762,-112.3727729
UTCC29,UTCC,190,193,163,163,224,226,155,157,95,106,116,116,195,195,242,246,106,116,207,207,156,162,97,99,,38.75738709,-112.3729138
UTCC30,UTCC,190,190,163,163,224,224,155,155,95,95,116,116,191,197,232,238,106,112,207,207,153,156,97,99,,38.75738894,-112.373112
UTCC31,UTCC,190,190,163,163,224,224,155,157,98,98,116,116,195,197,232,244,106,110,207,207,156,156,99,99,,38.75763981,-112.3734183
UTCC32,UTCC,190,193,163,163,224,226,155,155,98,106,116,116,195,195,244,246,106,108,207,207,156,156,99,99,,38.75762271,-112.3735146
UTCC33,UTCC,190,193,163,163,224,224,155,155,95,106,116,116,195,197,232,234,106,106,207,207,156,162,97,99,,38.75774626,-112.3734826
UTCC34,UTCC,190,190,163,163,224,226,155,157,95,106,116,116,195,195,244,244,106,116,207,207,156,162,99,99,,38.75787165,-112.3735494
UTCC35,UTCC,190,193,163,163,224,224,155,157,95,95,116,116,195,197,234,254,106,114,207,207,156,156,99,99,,38.75783108,-112.373851
UTCC36,UTCC,190,193,163,163,224,224,155,155,95,95,116,116,195,197,232,232,106,116,207,207,153,162,99,99,,38.75795078,-112.3738846
UTCC37,UTCC,190,193,163,163,224,224,155,155,95,95,116,116,195,197,236,236,108,108,207,207,153,162,99,99,,38.75806427,-112.3739168
UTCC38,UTCC,190,190,163,163,224,226,157,157,95,98,116,116,195,195,238,238,116,116,207,207,156,162,97,99,,38.75801842,-112.374832
UTCC39,UTCC,190,193,163,173,224,224,157,157,95,98,116,116,195,197,232,234,110,112,207,207,156,156,97,99,,38.75854908,-112.3773421
UTCC40,UTCC,190,190,163,163,224,224,157,157,95,95,116,116,189,195,234,236,108,110,207,207,156,156,97,99,,38.75914034,-112.3776931
UTCC41,UTCC,190,190,163,163,224,224,157,157,95,95,116,116,189,195,232,236,108,110,207,207,156,156,97,99,,38.75936078,-112.3779463
UTCC42,UTCC,190,190,163,163,224,224,157,157,95,95,116,116,191,195,236,236,110,110,207,207,156,156,97,99,,38.75957938,-112.3784351
UTCC43,UTCC,190,190,163,173,226,226,155,157,95,106,116,116,195,197,234,246,108,112,207,207,156,162,99,99,,38.75987115,-112.3804214
UTCC44,UTCC,190,190,163,163,224,224,157,157,95,98,116,116,195,195,234,246,106,108,207,207,156,162,97,99,,38.76039385,-112.3808653
UTCC45,UTCC,190,193,163,173,232,232,155,157,98,106,116,116,195,195,244,244,106,106,207,207,156,156,99,99,,38.76073122,-112.3822135
UTCC46,UTCC,190,190,163,163,224,224,155,157,95,106,116,116,195,195,242,242,108,112,207,207,156,156,97,99,,38.761656,-112.3835779
UTCC47,UTCC,190,190,163,163,224,224,155,157,95,95,116,116,195,195,232,236,106,108,207,207,156,156,97,97,,38.76185574,-112.3838616
UTCC48,UTCC,190,190,163,173,224,224,157,157,95,95,116,116,189,195,232,234,108,108,207,207,156,156,97,99,,38.76256602,-112.3844692
UTOC01,UTOC,190,193,163,173,224,226,147,157,106,111,116,116,189,197,232,238,106,106,207,207,153,156,99,99,,39.35369479,-112.2549692
UTOC03,UTOC,190,193,163,173,224,226,155,155,98,106,116,116,191,197,238,238,106,108,207,207,153,156,99,99,,39.35327662,-112.2554037
UTOC05,UTOC,190,193,163,173,224,226,155,155,98,106,116,116,191,197,234,238,106,108,207,207,153,156,99,99,,39.35302676,-112.2554008
UTOC07,UTOC,193,193,163,173,224,226,147,157,106,106,116,116,189,197,234,238,106,114,207,207,153,153,99,99,,39.35262275,-112.2560958
UTOC08,UTOC,190,190,173,173,224,224,155,155,106,106,116,116,191,191,236,240,106,106,207,207,156,156,99,99,,39.35230642,-112.2568497
UTOC09,UTOC,190,190,173,173,224,224,155,155,106,106,116,116,197,201,236,240,106,114,207,207,156,162,99,99,,39.35256064,-112.2577042
UTOC10,UTOC,190,190,163,173,224,224,155,155,106,106,116,116,191,197,238,238,106,114,207,207,153,153,99,99,,39.35274144,-112.2581862
UTOC11,UTOC,190,193,163,173,224,224,147,155,106,111,116,116,189,197,234,238,106,114,207,207,156,156,99,99,,39.35294705,-112.2588328
UTOC12,UTOC,190,193,163,173,224,224,147,155,106,111,116,116,189,197,232,234,106,114,207,207,156,156,99,99,,39.35325156,-112.2584794
UTOC13,UTOC,190,190,163,173,224,224,153,155,106,106,116,116,191,199,232,234,106,116,207,207,153,156,99,99,,39.35300924,-112.2596137
UTOC15,UTOC,190,196,163,173,224,224,153,157,93,93,116,116,191,197,234,234,106,114,207,207,156,156,99,99,,39.35291913,-112.2600479
UTOC16,UTOC,190,193,163,173,226,226,153,155,106,106,116,116,191,191,232,232,114,116,207,207,153,153,99,99,,39.35293992,-112.2602144
UTOC18,UTOC,190,193,163,173,224,226,153,155,106,106,116,116,191,199,232,234,106,116,207,207,153,156,99,99,,39.35295492,-112.2609605
UTOC19,UTOC,190,193,163,173,224,226,153,155,106,106,116,116,191,199,232,234,106,116,207,209,153,156,99,99,,39.35299658,-112.261236
UTOC20,UTOC,190,193,163,173,224,226,153,155,106,106,116,116,191,199,232,234,106,116,207,209,153,156,99,99,,39.35286415,-112.2614355
UTOC21,UTOC,190,190,163,173,224,226,157,157,95,111,116,116,191,195,236,238,106,106,207,207,156,162,99,99,,39.35275493,-112.2617472
UTOC22,UTOC,190,190,163,173,224,226,157,157,95,111,116,116,191,195,236,238,106,106,207,207,156,162,99,99,,39.35254664,-112.2618649
UTOC23,UTOC,190,190,163,173,224,226,157,157,95,111,116,116,191,195,236,238,106,106,207,207,156,162,99,99,,39.35242753,-112.2620582
UTOC24,UTOC,190,190,163,173,224,226,157,157,95,111,116,116,191,195,236,238,106,106,207,207,156,162,99,99,,39.35220198,-112.2621585
UTOC25,UTOC,190,193,163,163,224,224,153,157,106,111,116,116,195,199,232,238,106,116,207,207,153,162,99,99,,39.35197852,-112.2624222
UTOC26,UTOC,190,190,163,163,224,226,155,157,106,106,116,116,191,197,238,244,106,106,207,207,156,156,99,99,,39.35188338,-112.2629015
UTOC27,UTOC,190,190,163,163,224,224,155,155,106,111,116,116,195,197,236,238,106,110,207,207,153,156,99,97,,39.35079088,-112.265851
UTOC29,UTOC,190,193,163,173,224,224,157,157,98,106,116,116,195,199,232,238,106,110,207,207,156,156,99,99,,39.35056767,-112.2662584
UTOC30,UTOC,190,193,163,173,224,224,153,155,106,106,116,116,189,195,232,236,106,116,207,207,156,156,99,99,,39.35052576,-112.2664342
UTOC31,UTOC,190,193,163,173,224,224,157,157,98,106,116,116,195,197,234,238,108,108,207,207,156,156,99,99,,39.35040758,-112.2668321
UTOC32,UTOC,190,193,163,173,224,224,157,157,98,106,116,116,195,197,234,238,106,106,207,207,156,156,97,99,,39.35042409,-112.2669547
UTOC33,UTOC,190,193,163,173,224,224,157,157,98,106,116,116,195,197,238,238,106,106,207,207,156,156,99,99,,39.35033206,-112.2673666
UTOC35,UTOC,190,193,163,163,224,224,153,157,98,106,116,116,191,195,234,238,106,106,207,207,153,156,99,99,,39.35005512,-112.2667254
UTOC36,UTOC,190,190,163,163,224,224,155,157,106,106,116,116,189,195,236,238,106,106,207,207,153,156,97,99,,39.34982806,-112.266835
UTOC37,UTOC,190,193,163,173,224,224,157,157,98,106,116,116,195,197,234,234,106,106,207,207,156,156,99,99,,39.35021178,-112.2670666
UTOC38,UTOC,190,193,163,163,224,224,153,157,98,106,116,116,191,195,234,238,106,106,207,207,153,156,99,99,,39.3501236,-112.2666667
UTOC39,UTOC,190,190,173,173,224,226,155,157,95,95,116,116,191,195,234,236,106,108,207,207,156,156,99,99,,39.35010382,-112.2737646
UTOC40,UTOC,190,193,163,173,224,224,153,157,98,106,116,116,195,197,234,236,106,106,207,207,156,156,97,99,,39.3501205,-112.2734725
UTOC41,UTOC,190,193,163,173,224,224,153,157,98,106,116,116,195,197,234,236,108,108,207,207,156,156,99,97,,39.35020667,-112.2732517
UTSC1,UTSC,190,196,173,173,226,226,155,161,95,95,116,116,191,191,234,236,108,116,207,207,156,156,99,99,,39.76230863,-111.7104904
UTSC2,UTSC,190,190,163,173,226,226,151,155,106,106,116,116,191,191,236,236,108,108,207,207,156,156,99,99,,39.77790107,-111.7228009
UTSC3,UTSC,190,193,163,163,226,226,151,155,106,106,116,116,195,197,234,236,108,108,207,207,156,156,99,99,,39.78345593,-111.7278863
UTSC4,UTSC,190,196,163,163,224,226,155,155,98,106,116,116,191,191,238,238,116,116,207,207,156,162,99,99,,39.78367838,-111.7282664
UTSC5,UTSC,190,190,163,163,224,228,155,155,106,106,116,116,191,195,232,234,116,116,207,207,156,156,99,99,,39.78395373,-111.7285792
UTSC6,UTSC,190,190,163,173,226,226,155,157,106,106,116,116,193,195,236,242,108,116,207,207,156,156,99,99,,39.78396152,-111.7285489
UTSC7,UTSC,190,190,163,163,224,226,155,157,98,106,116,116,195,195,236,236,116,116,207,207,156,156,97,99,,39.78554981,-111.7286563
UTSC8,UTSC,190,193,163,173,226,226,155,155,106,106,116,116,189,191,234,236,114,116,207,207,156,156,99,99,,39.77953009,-111.7238817
UTSC_U1,UTSC,193,196,163,173,224,224,155,155,95,95,116,116,189,195,234,236,114,114,207,207,156,156,99,99,,39.74008285,-111.7128325
SC13,UTSC,190,190,163,173,224,224,155,157,95,106,116,116,191,195,232,236,114,116,207,207,156,162,99,99,,41.13578333,-111.8992444
SC18M,UTSC,190,190,163,163,226,226,155,155,95,106,116,116,191,193,238,242,106,106,207,207,156,156,99,99,,40.61152,-111.12642
SC2M,UTSC,190,190,163,163,224,226,155,155,98,106,116,116,195,201,234,238,106,112,207,207,156,156,99,99,,41.13578333,-111.8992444
OR1,OR,190,190,163,163,226,226,155,155,98,106,116,116,197,197,234,238,106,106,207,207,153,156,99,99,,41.29612827,-111.5914881
OR2,OR,190,199,163,163,226,226,155,155,106,106,116,116,195,195,238,244,106,116,207,207,156,156,99,99,,41.29601955,-111.5919257
OR3,OR,190,199,163,163,226,226,155,157,106,106,116,116,191,197,232,234,106,106,207,207,156,156,99,99,,41.29620865,-111.593356
OR4,OR,190,190,163,163,228,228,155,157,98,106,116,116,185,191,234,242,108,112,207,207,156,156,99,99,,41.29615853,-111.5945082
OR5,OR,190,196,163,163,224,228,155,155,106,106,116,116,193,193,234,236,106,114,207,207,156,156,99,99,,41.29554564,-111.5950736
OR6,OR,190,190,163,163,224,228,155,155,106,106,116,116,191,195,234,238,106,114,207,207,156,156,99,99,,41.29102905,-111.6365552
OR7,OR,190,190,163,163,224,226,155,155,106,106,116,116,191,197,234,236,106,116,207,207,156,156,99,99,,41.29067064,-111.6370564
OR8,OR,190,190,163,163,226,228,155,157,106,106,116,116,191,195,236,238,112,116,207,207,156,156,99,99,,41.29015641,-111.6372637
OR9,OR,190,190,163,173,226,230,155,155,106,106,116,116,195,197,234,240,106,106,207,207,156,156,99,99,,41.28978107,-111.6375278
OR10,OR,190,190,163,173,226,226,155,161,106,106,116,116,193,195,230,236,106,112,207,207,156,156,99,99,,41.2893463,-111.6386033
OR12,OR,190,190,163,163,226,226,147,155,95,106,116,116,193,193,236,240,106,106,207,207,156,156,99,99,,41.25855957,-111.8156798
OR13,OR,190,199,163,163,224,224,155,155,98,106,116,116,191,191,236,240,106,116,207,207,156,156,99,99,,41.25868463,-111.8161688
OR14,OR,190,190,163,163,228,228,155,157,106,106,116,116,195,197,236,240,114,114,207,207,156,156,99,99,,41.2592266,-111.8184904
OR16,OR,190,199,163,163,226,228,155,155,106,106,116,116,191,191,236,236,106,106,207,207,153,156,99,99,,41.25514822,-111.8696188
OR17,OR,190,190,163,163,226,226,157,157,106,109,116,116,195,197,234,236,108,116,207,207,156,156,97,99,,41.25499718,-111.8700097
WYSR1,WYSR,190,190,163,163,226,232,155,159,98,106,116,116,193,193,234,240,106,106,207,207,156,156,99,99,,43.20421664,-110.8565
WYSR2,WYSR,190,190,163,163,228,232,155,155,106,106,116,116,189,193,232,234,106,114,207,207,156,156,99,99,,43.20435,-110.8567833
WYSR3,WYSR,190,190,163,163,226,226,151,155,95,106,116,116,191,195,234,234,106,116,207,207,156,162,99,99,,43.20363334,-110.8232
WYSR4,WYSR,190,190,163,163,226,226,155,155,106,106,116,116,191,191,234,240,106,116,207,207,156,156,99,99,,43.21066668,-110.80995
WYSR6,WYSR,190,190,163,163,226,228,155,155,106,106,116,116,191,193,234,234,106,116,207,207,156,156,99,99,,43.21088335,-110.8097
WYSR7,WYSR,190,190,163,163,224,226,155,155,106,106,116,116,191,191,234,239,114,116,207,207,156,156,99,99,,43.21096667,-110.8103333
WYSR10,WYSR,190,190,163,163,226,228,151,155,106,106,116,116,193,195,238,246,116,116,207,207,156,162,99,99,,43.21378333,-110.7876833
WYSR12,WYSR,190,190,163,163,226,228,155,155,95,98,116,116,193,195,236,236,106,116,207,207,153,162,99,99,,43.21356665,-110.78845
WYSR13,WYSR,190,190,163,163,224,228,155,155,95,106,116,116,191,195,236,238,114,116,207,207,156,156,99,99,,43.21360001,-110.7882167
WYSR14,WYSR,196,196,163,163,226,228,151,155,106,106,116,116,193,195,236,240,106,106,207,207,156,162,99,99,,43.29126664,-110.7915333
WYSR15,WYSR,190,196,163,163,224,226,153,157,106,106,116,116,191,191,236,242,106,108,207,207,156,156,99,99,,43.29126664,-110.7914167
WYSR16,WYSR,190,190,163,163,228,230,155,155,106,106,116,116,191,193,234,238,106,114,207,207,156,162,99,99,,43.29100002,-110.7913833
WYSR17,WYSR,190,190,163,163,226,228,155,155,106,106,116,116,193,195,236,238,114,116,207,207,156,156,99,99,,43.29106665,-110.7918
WYSR18,WYSR,190,190,163,163,226,232,155,155,106,106,116,116,191,195,242,248,106,116,207,207,156,156,99,99,,43.29106665,-110.7918
WYSR19,WYSR,190,190,163,163,226,228,155,155,98,106,116,116,191,195,234,236,106,116,207,207,156,156,99,99,,43.29113329,-110.7925167
WYSR20,WYSR,190,190,163,163,226,232,155,155,95,106,116,116,191,195,232,236,106,114,207,207,156,162,99,99,,43.29056667,-110.79245
WYSR21,WYSR,190,190,163,163,226,226,155,157,98,106,116,116,191,191,234,242,106,106,207,207,156,156,99,99,,43.28965003,-110.7934667
WYSR22,WYSR,190,190,163,163,228,232,155,157,106,106,116,116,195,195,236,240,108,116,207,207,156,156,99,99,,43.28965003,-110.7934667
WYSR23,WYSR,190,193,163,163,226,226,155,157,106,106,116,116,193,193,234,238,106,114,207,207,156,156,99,99,,43.28918332,-110.7940167
WYSR24,WYSR,190,193,163,163,226,228,155,157,106,106,116,116,183,195,240,240,106,116,207,207,156,156,99,99,,43.28856667,-110.79375
WYSR25,WYSR,190,190,163,163,228,228,155,157,98,106,116,116,193,195,232,238,106,106,207,207,156,156,99,99,,43.65484997,-110.7154833
WYSR26,WYSR,190,196,163,163,226,226,155,155,106,106,116,116,193,195,236,236,106,116,207,207,156,156,99,106,,43.65478333,-110.71555
WYSR27,WYSR,190,190,163,163,226,226,155,157,106,106,116,116,191,195,232,232,106,106,207,207,156,156,99,99,,43.65481669,-110.7156833
WYSR29A,WYSR,190,190,163,163,226,228,155,157,95,106,116,116,191,191,234,240,110,114,207,207,156,156,99,99,,43.65498743,-110.7180656
WYSR30,WYSR,190,196,163,163,228,228,155,155,106,106,116,116,195,195,232,232,106,116,207,207,156,162,99,99,,43.65328331,-110.7165667
WYSR31,WYSR,190,193,163,163,228,228,155,155,106,106,116,116,191,195,234,238,106,106,207,207,156,162,99,99,,43.65313335,-110.7165333
WYSR32,WYSR,190,190,173,173,226,226,155,155,95,106,116,116,195,197,234,238,110,116,207,207,156,156,99,99,,43.7071833,-110.6729667
WYSR33,WYSR,190,196,163,163,228,230,155,155,106,106,116,116,191,191,232,240,106,106,207,207,156,162,99,99,,43.70703335,-110.6730167
WYSR34,WYSR,190,190,163,163,228,228,155,157,95,106,116,116,193,197,236,236,106,106,207,207,156,162,99,99,,43.70691667,-110.6729167
WYSR35,WYSR,190,196,163,163,226,226,155,157,106,106,116,116,191,191,236,236,116,116,207,207,156,162,99,99,,43.70678332,-110.6729
WYSR36,WYSR,190,196,163,163,224,228,155,155,95,106,116,116,191,191,238,238,106,112,207,207,156,156,99,99,,43.70654996,-110.6729167
WYSR38,WYSR,190,190,163,163,226,228,155,155,106,106,116,116,193,193,234,236,114,116,207,207,156,162,99,99,,43.76013329,-110.6273
WYSR45,WYSR,190,190,163,163,226,226,155,157,106,106,116,116,189,191,236,240,106,114,207,207,156,156,99,99,,43.8585049,-110.5850086
WYSR47,WYSR,190,190,163,163,226,226,155,157,106,106,116,116,191,195,236,240,106,106,207,207,156,156,97,99,,43.85935432,-110.5881802
WYSR49,WYSR,190,193,163,163,228,229,155,157,106,114,116,116,195,195,232,238,106,114,207,207,156,156,99,99,,43.85987995,-110.5881183
WYSR50,WYSR,190,190,163,163,226,228,155,155,98,106,116,116,193,195,234,236,110,116,207,207,156,156,99,99,,43.85987995,-110.5881183
WYSR52,WYSR,190,190,163,173,224,228,157,157,106,106,116,116,191,193,236,238,106,106,207,207,156,156,99,99,,43.85987995,-110.5881183
WYSR54,WYSR,190,190,163,173,228,228,153,155,95,106,116,116,191,191,232,236,106,110,207,207,156,156,99,99,,43.85987995,-110.5881183
WYPC9,WYSR,190,193,163,163,226,232,155,155,106,106,116,116,193,195,230,234,106,112,207,207,156,156,99,99,,43.92002229,-110.5669642
WYPC11,WYSR,190,190,163,163,226,226,155,155,95,106,116,116,191,193,234,238,106,114,207,207,156,162,99,99,,43.91614473,-110.5764863
BH1,BH,190,196,163,163,226,226,155,160,95,106,116,116,191,203,234,234,106,121,207,207,156,156,99,99,,45.12800172,-112.7410438
BH2,BH,190,190,163,163,226,226,155,155,106,106,116,116,191,193,240,240,106,106,207,207,156,156,99,99,,45.12770793,-112.7421626
BH4,BH,190,190,163,163,226,226,147,153,95,106,116,116,191,195,236,238,112,114,207,207,156,156,99,99,,45.12868099,-112.7410392
BH6,BH,190,196,163,163,226,226,155,155,106,106,116,116,191,195,238,240,108,108,207,207,156,156,99,99,,45.48126373,-112.4137699
BH7,BH,190,190,163,163,226,226,153,160,90,106,116,116,191,195,236,236,108,114,207,209,156,156,99,99,,45.48133716,-112.4132564
BH9,BH,187,199,163,163,224,226,157,167,95,106,116,116,191,205,236,238,116,116,207,207,156,156,99,99,,45.48127438,-112.4105314
BH10,BH,190,190,163,163,224,226,153,155,90,106,116,116,191,195,236,237,114,116,207,207,153,156,99,99,,45.4812116,-112.4078064
BH16,BH,190,196,163,163,226,226,157,160,103,106,116,116,193,195,236,236,108,114,207,207,156,156,99,99,,45.52964768,-112.3569052
BH37,BH,193,196,163,163,226,226,147,155,95,106,116,116,191,191,234,234,114,116,207,207,153,156,99,99,,45.64091024,-112.3144504
BH39,BH,190,196,163,163,226,226,157,159,95,106,116,116,195,195,234,236,108,112,207,207,153,156,99,99,,45.6400516,-112.3152218
BH40,BH,190,190,163,163,226,226,147,160,106,106,116,116,195,203,236,238,104,108,207,207,156,162,99,99,,45.63937107,-112.3153888
BH41,BH,190,196,163,163,226,228,157,160,106,106,116,116,191,203,236,236,114,116,207,207,156,156,99,99,,45.63898148,-112.3158363
BH45,BH,187,190,163,171,222,226,155,157,106,106,116,116,193,195,238,238,106,112,207,207,156,156,97,99,,45.63707393,-112.3170272
BH46,BH,190,190,163,163,226,226,149,155,106,106,116,116,191,193,234,236,106,114,207,207,156,156,99,99,,45.55492231,-112.3274187
BH47,BH,190,190,163,163,224,224,149,155,98,106,116,120,193,193,234,236,114,114,207,207,156,156,99,99,,45.55464319,-112.3280267
BH48,BH,190,190,163,163,226,226,157,159,106,106,116,116,193,195,234,236,106,116,207,207,156,162,99,99,,45.55497151,-112.3280107
BH49,BH,190,190,163,163,224,224,149,155,98,106,116,116,191,193,234,234,114,116,207,207,156,156,99,99,,45.55526127,-112.3276874
BH51,BH,190,196,163,163,226,226,153,160,106,106,116,120,189,193,238,238,114,116,207,207,156,156,99,99,,45.63504148,-112.3186824
BH53,BH,190,190,163,163,226,226,160,160,95,106,116,116,193,193,238,238,116,116,207,207,147,156,99,99,,45.63467829,-112.3188777
BH54,BH,190,193,163,163,226,226,151,160,103,106,116,116,191,193,236,238,108,114,207,207,156,156,99,99,,45.63365269,-112.3187209
BH55,BH,190,190,163,163,226,226,151,155,109,114,116,116,191,193,236,238,114,119,207,207,156,156,99,99,,45.62419513,-112.3243586
BH57,BH,190,196,163,163,226,226,149,159,95,106,116,116,193,195,236,242,106,114,207,207,162,162,90,97,,45.65672731,-112.3074365
BH58,BH,190,196,163,163,226,226,149,159,95,106,116,116,193,195,242,242,106,114,207,207,162,162,90,97,,45.65694566,-112.3070019
BH59,BH,193,193,163,163,226,226,147,155,95,106,116,120,191,193,234,236,106,108,207,207,156,156,99,99,,45.65732519,-112.3062563
BH60,BH,190,190,163,163,226,226,153,157,106,106,116,116,195,201,234,240,106,108,207,207,156,156,99,99,,45.6576427,-112.306079
BH62,BH,190,193,163,163,226,228,155,157,106,106,116,116,193,203,236,236,106,116,207,207,156,156,99,99,,45.68534539,-112.2789829
BH63,BH,190,196,163,163,226,226,153,155,95,95,116,116,191,191,236,238,116,121,207,207,156,156,99,99,,45.68510626,-112.2783507
BH64,BH,190,193,163,163,222,226,155,157,103,106,116,116,191,193,236,238,106,106,207,207,156,156,99,99,,45.68506091,-112.2768556
BH65,BH,190,196,163,163,224,226,157,157,90,95,116,116,193,203,234,236,106,108,207,207,156,156,99,99,,45.68503023,-112.2754428
BH66,BH,190,196,163,163,226,226,155,157,103,106,116,116,191,191,236,240,106,108,207,207,156,156,99,99,,45.68499553,-112.2745939
BH67,BH,190,187,163,163,224,226,153,157,106,106,116,120,193,195,236,240,106,116,207,207,156,162,99,99,,45.68512646,-112.2625169
BH68,BH,190,196,163,163,224,226,155,157,90,95,116,116,191,193,234,240,108,108,207,207,156,156,99,99,,45.68521505,-112.2614265
BH70,BH,190,196,163,163,226,226,159,160,103,106,116,116,191,193,236,240,112,114,207,207,156,156,99,99,,45.68512252,-112.258661
BH71,BH,190,196,163,163,224,226,155,159,103,106,116,116,191,193,232,238,108,108,207,207,156,156,99,99,,45.68488648,-112.2578553
BH73,BH,190,190,163,163,226,226,155,159,95,98,116,116,191,197,236,236,106,108,207,207,156,156,99,99,,45.68307951,-112.2569131
BH77,BH,190,190,163,163,226,226,153,160,106,106,116,116,191,193,232,234,106,116,207,207,153,156,99,99,,45.70529331,-112.2145826
BH78,BH,190,190,163,163,226,226,157,160,106,106,116,116,191,195,238,238,106,108,207,207,156,156,99,99,,45.70563412,-112.2145952
BH80,BH,196,196,163,163,226,226,153,159,106,106,116,116,191,191,236,245,106,114,207,207,156,156,99,99,,45.70649318,-112.2145586
BL40,BL,190,190,163,163,226,226,157,157,106,106,116,116,191,195,238,242,106,106,207,207,162,162,99,99,,44.02162881,-113.8105102
BL45,BL,190,193,163,171,226,228,157,157,106,106,116,116,191,197,234,234,106,106,207,207,156,162,99,109,,44.0128211,-113.8088661
BL51,BL,193,193,163,167,222,228,153,157,90,106,116,120,191,191,234,238,106,108,207,207,156,156,99,99,,43.99595789,-113.7711788
BL54,BL,190,196,163,163,228,228,149,155,95,106,116,120,187,191,240,240,108,110,207,207,156,156,99,99,,43.96750267,-113.7111432
BL55,BL,190,190,163,167,222,226,155,157,98,106,116,116,191,191,234,234,106,116,207,207,156,156,99,106,,43.96741114,-113.7109329
BL56,BL,190,190,163,163,226,228,155,155,106,106,116,116,191,191,240,242,106,106,207,207,153,156,99,99,,43.96738876,-113.7104237
BL57,BL,190,196,163,163,226,226,155,157,90,106,116,116,191,195,238,242,106,116,207,207,162,162,99,99,,43.96028333,-113.6826536
BL62,BL,190,190,163,163,226,226,157,157,99,106,116,116,191,199,240,242,114,116,207,207,156,156,99,99,,43.94644951,-113.6553347
BL63,BL,190,193,163,167,224,226,155,155,106,106,116,120,191,191,240,242,106,112,207,207,156,156,99,99,,43.94648856,-113.6550221
BL64,BL,190,190,163,163,226,226,155,157,98,106,116,116,191,191,240,242,106,106,207,207,156,156,99,99,,43.94130872,-113.6509389
BL65,BL,190,190,163,163,226,226,155,155,106,106,116,116,195,197,234,242,106,112,207,207,156,156,99,99,,43.94079441,-113.6504651
BL67,BL,190,196,163,167,226,226,153,155,106,106,116,116,191,193,234,236,106,112,207,207,156,156,99,99,,43.94028009,-113.6499913
BL68,BL,190,190,163,163,226,226,155,157,106,106,116,116,191,191,240,242,106,112,207,207,156,156,99,99,,43.93755505,-113.6432758
BL70,BL,190,190,163,163,224,226,155,155,106,106,116,116,191,195,240,242,106,116,207,207,156,162,99,99,,43.92788879,-113.6310508
BL71,BL,190,196,163,163,226,226,155,157,106,106,116,116,191,191,234,242,116,116,207,207,156,156,99,99,,43.91871798,-113.62444
BL72,BL,190,190,163,163,224,226,155,155,106,106,116,116,191,191,234,236,112,112,207,207,156,162,97,99,,43.91015159,-113.62109
BL73,BL,190,196,163,163,224,226,155,155,98,106,116,116,191,191,240,240,106,106,207,207,156,156,99,99,,43.90939412,-113.6213901
BL75,BL,190,190,163,163,226,226,155,155,106,106,116,116,191,193,238,238,116,116,207,207,156,156,97,99,,43.89600813,-113.5796144
BL76,BL,190,196,163,163,226,228,155,155,106,106,116,116,193,193,238,242,108,112,207,207,156,156,97,99,,43.89813119,-113.5796589
BL77,BL,190,190,163,163,226,226,155,157,106,106,116,116,191,191,236,244,116,116,207,207,156,156,99,99,,43.89897575,-113.5796724
BL78,BL,196,196,163,163,226,226,155,155,106,106,116,116,191,195,238,238,106,116,207,207,156,156,99,99,,43.8848877,-113.5793848
BL79,BL,190,190,163,163,226,226,155,157,106,106,116,116,191,191,234,238,106,108,207,207,156,156,99,99,,43.88702542,-113.5790893
BL81,BL,196,196,163,163,226,226,153,155,106,106,116,116,191,191,240,240,112,114,207,207,156,156,99,99,,43.89139138,-113.574928
BL82,BL,190,190,163,163,224,226,155,155,106,106,116,116,191,193,234,250,108,116,207,207,156,156,99,99,,43.89116423,-113.5592994
BL83,BL,190,190,163,163,222,226,155,157,90,106,116,120,189,213,236,240,108,112,207,207,156,162,99,99,,43.88786344,-113.536289
BL85,BL,190,190,163,171,226,226,155,155,106,106,116,120,191,195,236,238,106,110,207,207,156,162,99,99,,43.88781851,-113.5348692
BL86,BL,190,196,163,163,224,228,155,157,106,106,116,116,191,191,238,240,106,116,207,207,156,156,99,99,,43.88780502,-113.5319158
BL87,BL,190,190,163,163,226,226,155,157,106,106,116,116,191,195,234,246,112,116,207,207,156,162,99,99,,43.88774391,-113.5258084
BL88,BL,190,190,163,163,224,228,155,157,106,106,116,116,191,191,236,238,106,116,207,207,156,156,99,99,,43.8876865,-113.5237346
BL90,BL,190,190,163,163,224,226,155,157,98,106,116,116,191,191,238,238,114,116,207,207,156,156,99,99,,43.87175929,-113.5083634
BWR74,BWR,187,190,163,171,222,228,147,157,103,106,116,120,193,199,230,234,108,110,207,207,156,156,99,113,,43.32987017,-114.3221691
BWR75,BWR,187,190,163,171,222,228,147,157,103,106,116,120,193,199,228,234,108,110,207,207,156,156,99,113,,43.3299508,-114.3226527
BWR76,BWR,187,190,171,171,222,222,153,157,90,93,120,124,197,199,226,232,104,104,207,207,156,156,106,106,,43.32834969,-114.3230446
BWR78,BWR,187,193,167,171,222,222,151,157,93,103,120,120,199,199,226,228,104,104,207,207,156,156,94,113,,43.32674858,-114.3234364
BWR83,BWR,187,190,173,185,224,224,155,159,90,106,116,118,191,191,230,230,106,110,194,194,156,159,99,101,,43.26046089,-114.4001924
BWR84,BWR,190,190,163,173,224,226,155,155,106,106,116,116,191,193,230,236,106,116,207,207,156,156,99,99,,43.26048779,-114.4000284
