Sample_ID,Site,TDiurnRng,TSeas,AveTWrmQtr,PSeas,PWrmQtr,Pops7
ML10,ML,136,6337,216,59,230,1
ML12,ML,136,6337,216,59,230,1
ML4,ML,136,6337,216,59,230,1
ML5,ML,136,6337,216,59,230,1
ML6,ML,136,6337,216,59,230,1
ML7,ML,136,6337,216,59,230,1
ML8,ML,136,6337,216,59,230,1
ML9,ML,136,6337,216,59,230,1
SEN8,AZP,161,7002,220,48,172,1
SEN10,AZP,161,7002,220,48,172,1
THB10,AZP,164,6981,207,49,174,1
YC6,AZP,158,6903,199,44,186,1
GC2,SHW,162,6993,209,49,176,1
GC4,SHW,162,6993,209,49,176,1
GC8,SHW,162,6993,209,49,176,1
SHW13,SHW,162,6993,209,49,176,1
SHW14,SHW,162,6993,209,49,176,1
SHW1X,SHW,162,6993,209,49,176,1
SHW4X,SHW,162,6993,209,49,176,1
PHWS1,AZPW,162,7149,212,36,141,1
PHWS3,AZPW,162,7149,212,36,141,1
PHWS4,AZPW,162,7149,212,36,141,1
AZPW1,AZPW,161,7143,214,36,141,1
AZPW2,AZPW,161,7143,214,36,141,1
AZPW3,AZPW,161,7143,214,36,141,1
AZPW4,AZPW,161,7143,214,36,141,1
AZPW5,AZPW,161,7143,214,36,141,1
AZPW6,AZPW,162,7149,212,36,141,1
AZPW7,AZPW,162,7149,212,36,141,1
AZPW8,AZPW,162,7149,212,36,141,1
AZPW9,AZPW,162,7149,212,36,141,1
AZPW10,AZPW,162,7149,212,36,141,1
AZPW11,AZPW,162,7149,212,36,141,1
AZPW12,AZPW,162,7149,212,36,141,1
AZPW13,AZPW,162,7149,212,36,141,1
AZPW14,AZPW,162,7149,212,36,141,1
AZPW15,AZPW,162,7149,212,36,141,1
AZPW16,AZPW,162,7149,212,36,141,1
AZPW17,AZPW,164,7131,185,38,155,1
AZPW18,AZPW,164,7131,185,38,155,1
AZPW19,AZPW,164,7131,185,38,155,1
AZPW20,AZPW,164,7131,185,38,155,1
AZPW21,AZPW,164,7131,185,38,155,1
AZPW22,AZPW,164,7131,185,38,155,1
AZPW23,AZPW,164,7131,185,38,155,1
AZPW24,AZPW,164,7131,185,38,155,1
AZPW25,AZPW,163,7133,190,37,152,1
AZPW26,AZPW,163,7133,190,37,152,1
AZPW27,AZPW,163,7133,190,37,152,1
AZPW28,AZPW,163,7133,190,37,152,1
AZPW29,AZPW,163,7133,190,37,152,1
AZPW30,AZPW,163,7133,190,37,152,1
AZPW31,AZPW,163,7133,190,37,152,1
AZPW32,AZPW,163,7133,190,37,152,1
AZPW33,AZPW,163,7133,190,37,152,1
AZPW34,AZPW,163,7133,190,37,152,1
AZPW35,AZPW,163,7133,190,37,152,1
AZPW36,AZPW,163,7133,190,37,152,1
AZPW37,AZPW,163,7133,190,37,152,1
AZPW38,AZPW,163,7133,190,37,152,1
AZPW39,AZPW,163,7133,190,37,152,1
AZPW40,AZPW,163,7133,190,37,152,1
AZPW41,AZPW,163,7133,190,37,152,1
AZPW42,AZPW,163,7128,190,37,153,1
AZPW43,AZPW,163,7128,190,37,153,1
AZPW44,AZPW,163,7128,190,37,153,1
AL27,AL,160,7200,176,39,158,1
AL28,AL,160,7200,176,39,158,1
AL98,AL,160,7200,176,39,158,1
CSNL6,CSNL,161,7261,182,37,131,1
CSNL7,CSNL,161,7261,182,37,131,1
CSNL8,CSNL,161,7261,182,37,131,1
AZWW2,JC,158,7101,188,41,178,1
AZWW7,JC,158,7102,187,41,178,1
JC2,JC,164,7504,201,43,147,1
JC3,JC,164,7527,202,43,145,1
JC4,JC,164,7527,202,43,145,1
JC6,JC,164,7504,201,43,147,1
JC7,JC,164,7504,201,43,147,1
JC8,JC,164,7504,201,43,147,1
JC9,JC,164,7504,201,43,147,1
JC11,JC,164,7504,201,43,147,1
JC12,JC,164,7504,201,43,147,1
JC13,JC,164,7504,201,43,147,1
AZCH1,AZCH,153,7208,181,46,181,1
AZCH3,AZCH,153,7208,181,46,181,1
AZCH4,AZCH,153,7208,181,46,181,1
AZCH5,AZCH,153,7208,181,46,181,1
CHV1,AZCH,167,7455,196,48,152,1
CHV2,AZCH,167,7455,196,48,152,1
CHV3,AZCH,167,7455,196,48,152,1
CHV4,AZCH,168,7461,198,48,152,1
CHV6,AZCH,168,7461,198,48,152,1
CHV7,AZCH,168,7461,198,48,152,1
ABC1X,ABC,165,7047,179,47,187,1
ABC2X,ABC,164,7016,178,47,187,1
ABC3,ABC,162,7020,177,47,190,1
ABC5,ABC,162,7020,177,47,190,1
ABC7,ABC,162,7020,177,47,190,1
ABC9,ABC,163,7010,177,47,190,1
ABC11,ABC,163,7010,177,47,190,1
ABC13,ABC,163,7010,177,47,190,1
ABC14,ABC,165,7047,179,47,187,1
ABC15,ABC,165,7047,179,47,187,1
ABC16,ABC,165,7047,179,47,187,1
ABC17,ABC,165,7047,179,47,187,1
ABC18,ABC,165,7047,179,47,187,1
ABC19,ABC,165,7047,179,47,187,1
ABC21,ABC,166,7044,180,47,184,1
ABC22,ABC,166,7044,180,47,184,1
ABC23,ABC,166,7044,180,47,184,1
ABC24,ABC,167,7060,181,48,182,1
ABC25,ABC,167,7060,181,48,182,1
ABC26,ABC,168,7112,183,47,181,1
ABC27,ABC,170,7121,184,48,178,1
ABC28,ABC,170,7119,184,48,176,1
ABC29,ABC,172,7134,186,48,173,1
ABC30,ABC,172,7134,186,48,173,1
ABC31,ABC,172,7134,186,48,173,1
ABC32,ABC,172,7134,186,48,173,1
ABC33,ABC,172,7134,186,48,173,1
ABC34,ABC,172,7134,186,48,173,1
ABC35,ABC,172,7134,186,48,172,1
ABC36,ABC,172,7134,186,48,172,1
ABC37,ABC,171,7131,184,48,174,1
ABC38,ABC,171,7131,184,48,174,1
ABC39,ABC,171,7131,184,48,174,1
ABC40,ABC,171,7131,184,48,174,1
ABC42,ABC,172,7134,186,48,172,1
BNM1,BNM,153,7842,199,49,159,1
BNM3,BNM,153,7842,199,49,159,1
BNM4,BNM,158,7940,205,51,147,1
BNM5,BNM,158,7940,205,51,147,1
BNM6,BNM,158,7940,205,51,147,1
BNM7,BNM,158,7940,205,51,147,1
BNM8,BNM,158,7940,205,51,147,1
BNM9,BNM,159,7956,206,50,145,1
BNM10,BNM,159,7956,206,50,145,1
BNM11,BNM,159,7956,206,50,145,1
BNM12,BNM,158,7949,205,50,150,1
BNM13,BNM,162,8018,210,52,139,1
BNM14,BNM,162,8018,210,52,139,1
BNM15,BNM,162,8018,210,52,139,1
BNM16,BNM,162,8018,210,52,139,1
BNM17,BNM,162,8018,210,52,139,1
BR6,BR,205,6839,179,63,181,2
BR8,BR,205,6839,179,63,181,2
BR11,BR,206,6841,180,63,180,2
BR12,BR,206,6841,180,63,180,2
BR15,BR,206,6842,181,63,180,2
BR16,BR,204,6766,172,64,186,2
BR18,BR,204,6766,172,64,186,2
BR19,BR,204,6766,172,64,186,2
BR20,BR,204,6766,172,64,186,2
BR21,BR,204,6766,172,64,186,2
BR28,BR,204,6766,172,64,186,2
BR30,BR,204,6766,172,64,186,2
BR31,BR,204,6766,172,64,186,2
BR33,BR,204,6766,172,64,186,2
BR34,BR,204,6766,172,64,186,2
BR35,BR,204,6766,172,64,186,2
BR37,BR,204,6759,172,63,187,2
BR39,BR,204,6759,172,63,187,2
BR41,BR,204,6759,172,63,187,2
BR42,BR,204,6759,172,63,187,2
BR45,BR,204,6759,172,63,187,2
BR46,BR,204,6759,172,63,187,2
BR47,BR,204,6759,172,63,187,2
BR48,BR,204,6759,172,63,187,2
BR49,BR,204,6759,172,63,187,2
BR50,BR,204,6759,172,63,187,2
BR51,BR,204,6759,172,63,187,2
BR54,BR,204,6759,172,63,187,2
BR55,BR,204,6759,172,63,187,2
BR56,BR,204,6759,172,63,187,2
BR58,BR,204,6759,172,63,187,2
BR59,BR,204,6759,172,63,187,2
BR60,BR,204,6759,172,63,187,2
BR61,BR,204,6759,172,63,187,2
BR64,BR,205,6839,179,63,181,2
BR65,BR,205,6839,179,63,181,2
BR66,BR,205,6839,179,63,181,2
BR67,BR,205,6839,179,63,181,2
BR68,BR,205,6839,179,63,181,2
BR70,BR,205,6839,179,63,181,2
BR72,BR,205,6839,179,63,181,2
BR73,BR,205,6839,179,63,181,2
BR75,BR,205,6839,179,63,181,2
BR76,BR,205,6839,179,63,181,2
BR77,BR,205,6839,179,63,181,2
BR102,BR,206,6843,181,62,179,2
BR104,BR,206,6831,179,63,180,2
BR105,BR,206,6843,181,62,179,2
BR106,BR,206,6843,181,62,179,2
BR107,BR,206,6843,181,62,179,2
BR108,BR,206,6843,181,62,179,2
BR123,BR,205,6762,175,62,185,2
BR124,BR,205,6762,175,62,185,2
QL1,QL,195,6828,155,66,185,2
QL10,QL,198,6921,160,65,178,2
QL11,QL,198,6921,160,65,178,2
QL12,QL,198,6921,160,65,178,2
QL2,QL,198,6870,158,65,178,2
QL3,QL,197,6890,158,66,180,2
QL4,QL,199,6906,161,67,174,2
QL5,QL,197,6904,159,66,179,2
QL6,QL,197,6904,159,66,179,2
QL7,QL,198,6858,158,65,178,2
QL8,QL,198,6858,158,65,178,2
QL9,QL,198,6921,160,65,178,2
IC2,IC,204,7012,180,70,182,2
IC4,IC,204,7012,180,70,182,2
IC5,IC,204,7012,180,70,182,2
IC6,IC,204,7012,180,70,182,2
IC7,IC,204,7023,180,70,182,2
IC8,IC,204,7023,180,70,182,2
IC9,IC,204,7023,180,70,182,2
LC10,LC,206,6913,167,67,179,2
LC11,LC,204,6834,163,68,186,2
LC2,LC,207,6958,170,69,176,2
LC3,LC,207,6958,170,69,176,2
LC4,LC,207,6958,170,69,176,2
LC5,LC,206,6922,168,67,178,2
LC6,LC,206,6922,168,67,178,2
LC7,LC,206,6922,168,67,178,2
LC8,LC,206,6922,168,67,178,2
LC9,LC,206,6922,168,67,178,2
NMRP4,NMRP,176,8047,192,51,138,3
NMRP5,NMRP,171,7143,149,51,214,3
NMRP6,NMRP,171,7143,149,51,214,3
NMRP7,NMRP,174,7330,161,52,195,3
NMRP9,NMRP,182,8218,206,55,121,3
NMRP13,NMRP,180,8385,174,50,135,3
NMRP17,NMRP,180,8385,174,50,135,3
NMRP_U1,NMRP,180,8385,174,50,135,3
NMRR2,NMRR,175,7502,129,39,194,3
NMRR3,NMRR,178,7657,135,40,184,3
NMRR4,NMRR,180,8016,153,46,160,3
NMRR6,NMRR,180,8148,161,47,152,3
NMRR7,NMRR,180,8148,161,47,152,3
NMRR9,NMRR,180,8385,174,50,135,3
NMRR10,NMRR,180,8385,174,50,135,3
NMRR11,NMRR,180,8385,174,50,135,3
COAR3,COAR,179,7824,176,50,113,3
COAR6,COAR,180,7830,178,49,110,3
COAR7,COAR,180,7803,175,49,110,3
COAR8,COAR,180,7803,175,49,110,3
COAR9,COAR,180,7803,175,49,110,3
COAR12,COAR,178,7926,165,50,114,3
COAR13,COAR,178,7926,165,50,114,3
COAR15,COAR,178,7926,165,50,114,3
COAR18,COAR,178,7955,161,50,117,3
COAR19,COAR,178,7955,161,50,117,3
COAR20,COAR,178,7955,161,50,117,3
COBT9,COBT,152,7227,155,47,152,3
COBT10,COBT,152,7227,155,47,152,3
COBT11,COBT,152,7227,155,47,152,3
COBT12,COBT,152,7227,155,47,152,3
COBT13,COBT,154,7439,166,48,146,3
SV9,SV,157,7275,153,42,154,3
SV10,SV,157,7275,153,42,154,3
SV11,SV,157,7275,154,42,154,3
SV12,SV,158,7293,155,42,154,3
SV13,SV,158,7356,161,44,150,3
SV14,SV,158,7371,162,44,151,3
SV15,SV,158,7423,166,45,149,3
SV16,SV,158,7423,166,45,149,3
SV17,SV,158,7530,172,44,146,3
SV20,SV,158,7569,175,44,143,3
SV23,SV,158,7569,175,44,143,3
SV28,SV,158,7826,187,44,136,3
SV31,SV,158,7848,188,44,135,3
SV32,SV,158,7848,188,44,135,3
SV33,SV,158,7848,188,44,135,3
SV34,SV,159,7985,194,44,130,3
SV35,SV,159,7985,194,44,130,3
SV37,SV,159,8069,196,45,128,3
SV38,SV,159,8069,196,45,128,3
SV39,SV,157,7880,189,44,135,3
SV40,SV,160,8114,197,45,128,3
SV41,SV,160,8114,197,45,128,3
SV45,SV,160,8114,197,45,128,3
SV48,SV,160,8129,198,45,128,3
SV50,SV,160,8129,198,45,128,3
SV51,SV,160,8150,198,45,126,3
SV52,SV,160,8188,199,46,126,3
SV53,SV,160,8170,199,46,127,3
NP1,NP,153,8970,203,54,98,3
NP2,NP,153,8957,203,54,98,3
NP3,NP,153,8957,203,54,98,3
NP4,NP,153,8957,203,54,98,3
NP6,NP,152,9177,201,48,84,3
NP8,NP,152,9168,200,48,84,3
NP12,NP,152,9168,200,48,84,3
NP13,NP,152,9168,200,48,84,3
NP14,NP,151,9250,200,48,78,3
NP16,NP,144,9219,194,46,73,3
NP17,NP,144,9219,194,46,73,3
NP19,NP,144,9219,194,46,73,3
NP21,NP,144,9219,194,46,73,3
NP25,NP,144,9219,194,46,73,3
NP26,NP,149,9356,201,49,70,3
NP27,NP,150,9286,201,47,74,3
NP29,NP,150,9286,201,47,74,3
NP30,NP,150,9286,201,47,74,3
NP31,NP,150,9286,201,47,74,3
NP33,NP,150,9286,201,47,74,3
NP36,NP,150,9264,200,47,76,3
NP37,NP,150,9264,200,47,76,3
NP38,NP,150,9264,200,47,76,3
NP39,NP,150,9264,200,47,76,3
NP40,NP,150,9264,200,47,76,3
NP42,NP,151,9243,200,48,78,3
NP65,NP,158,8954,198,56,104,3
NP66,NP,157,8945,197,56,106,3
NP67,NP,157,8992,200,56,103,3
NP75,NP,153,8995,205,56,99,3
NP76,NP,153,8982,204,56,99,3
NP80,NP,154,8985,203,54,98,3
NP83,NP,154,9015,202,53,95,3
NP86,NP,154,9053,201,52,91,3
NP91,NP,152,9216,201,48,82,3
MIAA,SM,169,9228,228,26,73,4
MIAC,SM,169,9228,228,26,73,4
MIAG,SM,169,9228,228,26,73,4
MIBE,SM,164,9086,221,25,78,4
MIBM,SM,168,9229,230,25,72,4
MIBK,SM,164,9086,221,25,78,4
51_MIBC,SM,171,8266,181,23,115,4
56_MIBC,SM,170,8225,177,23,120,4
60_MIBC,SM,170,8225,177,23,120,4
67_MIPP,SM,167,8885,210,26,83,4
70_MIPP,SM,168,8909,212,26,81,4
72_MIPP,SM,168,8909,212,26,81,4
88_MI1,SM,169,9219,228,26,73,4
92_MI1,SM,169,9219,228,26,73,4
100_MI1,SM,167,9141,223,25,75,4
6_MI2,SM,167,9078,221,25,78,4
23_MI2,SM,169,9185,227,26,73,4
26_MI2,SM,169,9185,227,26,73,4
33_MI3,SM,169,9094,222,26,75,4
38_MI3,SM,169,9094,222,26,75,4
42_MI3,SM,169,9094,222,26,75,4
46_MI4,SM,170,9097,222,27,75,4
59_MI4,SM,170,9075,221,27,75,4
63_MI4,SM,170,9097,222,27,75,4
76_MIPP,SM,167,8705,201,26,91,4
80_MIPP,SM,164,8395,184,25,106,4
81_MIPP,SM,168,8778,206,26,86,4
89_MISP,SM,169,8274,180,25,115,4
94_MISP,SM,169,8274,180,25,115,4
98_MISP,SM,170,8293,181,25,115,4
UTIC50,UTIC,149,8750,204,26,86,4
UTIC51,UTIC,149,8750,204,26,86,4
UTIC52,UTIC,149,8750,204,26,86,4
UTIC53,UTIC,149,8750,204,26,86,4
UTIC54,UTIC,149,8750,204,26,86,4
UTIC55,UTIC,149,8750,204,26,86,4
UTIC56,UTIC,149,8750,204,26,86,4
UTIC57,UTIC,149,8750,204,26,86,4
UTIC58,UTIC,149,8750,204,26,86,4
UTIC59,UTIC,149,8750,204,26,86,4
UTIC60,UTIC,149,8750,204,26,86,4
UTIC61,UTIC,149,8750,204,26,86,4
UTIC62,UTIC,149,8750,204,26,86,4
UTIC63,UTIC,149,8750,204,26,86,4
UTIC64,UTIC,149,8750,204,26,86,4
UTIC65,UTIC,149,8750,204,26,86,4
UTIC66,UTIC,149,8750,204,26,86,4
UTIC67,UTIC,149,8750,204,26,86,4
UTIC68,UTIC,149,8750,204,26,86,4
UTIC69,UTIC,149,8750,204,26,86,4
UTIC70,UTIC,149,8750,204,26,86,4
UTIC71,UTIC,149,8750,204,26,86,4
UTIC72,UTIC,149,8750,204,26,86,4
UTIC73,UTIC,150,8759,205,25,85,4
UTIC74,UTIC,150,8759,205,25,85,4
UTIC75,UTIC,149,8750,204,26,86,4
UTIC76,UTIC,150,8759,205,25,85,4
UTIC77,UTIC,150,8759,205,25,85,4
UTIC78,UTIC,150,8759,205,25,85,4
UTIC79,UTIC,150,8759,205,25,85,4
UTIC80,UTIC,150,8759,205,25,85,4
UTIC81,UTIC,150,8759,205,25,85,4
UTIC82,UTIC,150,8759,205,25,85,4
UTIC83,UTIC,150,8759,205,25,85,4
UTIC84,UTIC,149,8750,204,26,86,4
UTIC85,UTIC,150,8759,205,25,85,4
UTIC86,UTIC,151,8853,210,25,82,4
UTIC87,UTIC,151,8853,210,25,82,4
UTIC88,UTIC,151,8853,210,25,82,4
UTIC89,UTIC,151,8853,210,25,82,4
NLX10,NLX,174,8004,186,16,82,5
NLX14,NLX,174,8004,186,16,82,5
NLX16,NLX,174,8004,186,16,82,5
NLX22,NLX,175,8070,191,17,78,5
NLX31,NLX,176,8196,196,19,73,5
NLX33,NLX,177,8332,202,20,68,5
NLX34,NLX,177,8332,202,20,68,5
NLX35,NLX,177,8332,202,20,68,5
NSN2,NSN,178,8498,209,22,61,5
NSN3,NSN,178,8498,209,22,61,5
NSN10,NSN,178,8380,205,20,65,5
NSN11,NSN,178,8380,205,20,65,5
NSN14,NSN,178,8329,203,21,67,5
NSN16,NSN,178,8294,201,19,68,5
NSN18,NSN,178,8294,201,19,68,5
NSN19,NSN,178,8294,201,19,68,5
NSN22,NSN,176,8088,192,17,77,5
NSN25,NSN,176,8075,193,18,77,5
NSN26,NSN,176,8075,193,18,77,5
NWV5,SPNV,179,8373,205,21,63,5
NWV6,SPNV,179,8373,205,21,63,5
NWV7,SPNV,179,8398,205,21,62,5
NWV10,SPNV,179,8398,205,21,62,5
NSP1,SPNV,178,8153,193,18,70,5
NSP4,SPNV,178,8153,193,18,70,5
XNEC1,XNEC,168,7809,159,12,85,5
XNEC6,XNEC,168,7809,159,12,85,5
XNEC7,XNEC,168,7809,159,12,85,5
XNEC9,XNEC,168,7809,159,12,85,5
XNEC12,XNEC,168,7809,159,12,85,5
NKZ2,NKZ,172,8065,183,18,68,5
NKZ4,NKZ,172,8065,183,18,68,5
NKZ5,NKZ,172,8065,183,18,68,5
NKZ6,NKZ,171,8018,178,16,72,5
NKZ8,NKZ,169,7871,165,13,81,5
NKZ9,NKZ,169,7871,165,13,81,5
NKZ10,NKZ,169,7871,165,13,81,5
UTBR1,UTBR,178,7806,152,21,110,5
UTBR2,UTBR,178,7806,152,21,110,5
UTBR3,UTBR,178,7806,152,21,110,5
UTBR4,UTBR,178,7806,152,21,110,5
UTBR5,UTBR,178,7806,152,21,110,5
UTBR6,UTBR,178,7806,152,21,110,5
UTBR7,UTBR,177,7784,150,21,111,5
UTBR8,UTBR,177,7784,150,21,111,5
UTBR9,UTBR,177,7784,150,21,111,5
UTBR10,UTBR,178,7806,152,21,110,5
UTBR11,UTBR,178,7806,152,21,110,5
UTBR12,UTBR,178,7806,152,21,110,5
UTBR14,UTBR,178,7806,152,21,110,5
UTBR15,UTBR,178,7806,152,21,110,5
UTBR16,UTBR,178,7806,152,21,110,5
UTBR17,UTBR,178,7806,152,21,110,5
UTBR18,UTBR,180,7870,158,22,107,5
UTBR19,UTBR,180,7870,158,22,107,5
UTBR20,UTBR,180,7870,158,22,107,5
UTBR21,UTBR,180,7870,158,22,107,5
UTBR22,UTBR,180,7870,158,22,107,5
UTBR23,UTBR,181,7900,163,22,104,5
UTBR24,UTBR,181,7900,163,22,104,5
UTBR25,UTBR,181,7900,163,22,104,5
UTBR26,UTBR,181,7900,163,22,104,5
UTBR27,UTBR,181,7900,163,22,104,5
UTBR28,UTBR,180,7903,162,21,104,5
UTBR29,UTBR,180,7903,162,21,104,5
UTBR30,UTBR,180,7903,162,21,104,5
UTBR31,UTBR,180,7903,162,21,104,5
UTBR32,UTBR,180,7903,162,21,104,5
UTBR33,UTBR,181,7947,167,21,99,5
UTBR34,UTBR,181,7947,167,21,99,5
UTBR35,UTBR,180,7918,162,21,104,5
UTBR36,UTBR,180,7918,162,21,104,5
UTBR37,UTBR,180,7918,162,21,104,5
UTBR38,UTBR,181,7929,164,21,104,5
UTBR39,UTBR,181,7929,164,21,104,5
UTBR40,UTBR,181,7931,166,21,100,5
UTBR41,UTBR,182,7985,171,20,95,5
UTBR42,UTBR,182,7985,171,20,95,5
UTBR43,UTBR,182,7985,171,20,95,5
UTBR44,UTBR,182,7985,171,20,95,5
UTBR45,UTBR,182,8061,181,21,87,5
UTBR46,UTBR,182,8061,181,21,87,5
UTBR47,UTBR,182,8061,181,21,87,5
UTBR48,UTBR,182,8061,181,21,87,5
UTBR49,UTBR,182,8061,181,21,87,5
UTBR50,UTBR,182,8061,181,21,87,5
UTCC1,UTCC,166,8596,205,17,63,5
UTCC2,UTCC,166,8596,205,17,63,5
UTCC3,UTCC,166,8596,205,17,63,5
UTCC4,UTCC,166,8596,205,17,63,5
UTCC5,UTCC,166,8596,205,17,63,5
UTCC6,UTCC,166,8596,205,17,63,5
UTCC7,UTCC,166,8596,205,17,63,5
UTCC8,UTCC,166,8596,205,17,63,5
UTCC9,UTCC,166,8596,205,17,63,5
UTCC10,UTCC,166,8596,205,17,63,5
UTCC11,UTCC,166,8596,205,17,63,5
UTCC12,UTCC,166,8596,205,17,63,5
UTCC13,UTCC,166,8596,205,17,63,5
UTCC14,UTCC,166,8596,205,17,63,5
UTCC15,UTCC,166,8596,205,17,63,5
UTCC16,UTCC,166,8596,205,17,63,5
UTCC17,UTCC,166,8596,205,17,63,5
UTCC18,UTCC,166,8596,205,17,63,5
UTCC19,UTCC,166,8596,205,17,63,5
UTCC20,UTCC,166,8596,205,17,63,5
UTCC21,UTCC,166,8596,205,17,63,5
UTCC22,UTCC,166,8596,205,17,63,5
UTCC23,UTCC,166,8596,205,17,63,5
UTCC24,UTCC,166,8596,205,17,63,5
UTCC25,UTCC,166,8596,205,17,63,5
UTCC26,UTCC,166,8596,205,17,63,5
UTCC27,UTCC,166,8596,205,17,63,5
UTCC28,UTCC,166,8596,205,17,63,5
UTCC29,UTCC,166,8596,205,17,63,5
UTCC30,UTCC,166,8596,205,17,63,5
UTCC31,UTCC,166,8596,205,17,63,5
UTCC32,UTCC,166,8596,205,17,63,5
UTCC33,UTCC,166,8596,205,17,63,5
UTCC34,UTCC,166,8596,205,17,63,5
UTCC35,UTCC,166,8596,205,17,63,5
UTCC36,UTCC,166,8596,205,17,63,5
UTCC37,UTCC,166,8596,205,17,63,5
UTCC38,UTCC,166,8596,205,17,63,5
UTCC39,UTCC,166,8558,203,17,64,5
UTCC40,UTCC,166,8558,203,17,64,5
UTCC41,UTCC,166,8558,203,17,64,5
UTCC42,UTCC,166,8558,203,17,64,5
UTCC43,UTCC,166,8558,203,17,64,5
UTCC44,UTCC,166,8558,203,17,64,5
UTCC45,UTCC,166,8558,203,17,64,5
UTCC46,UTCC,164,8714,210,19,60,5
UTCC47,UTCC,164,8714,210,19,60,5
UTCC48,UTCC,164,8714,210,19,60,5
UTOC01,UTOC,163,8588,191,17,70,5
UTOC03,UTOC,163,8588,191,17,70,5
UTOC05,UTOC,163,8588,191,17,70,5
UTOC07,UTOC,163,8588,191,17,70,5
UTOC08,UTOC,163,8588,191,17,70,5
UTOC09,UTOC,163,8588,191,17,70,5
UTOC10,UTOC,163,8588,191,17,70,5
UTOC11,UTOC,163,8565,189,18,70,5
UTOC12,UTOC,163,8565,189,18,70,5
UTOC13,UTOC,163,8565,189,18,70,5
UTOC14,UTOC,163,8565,189,18,70,5
UTOC15,UTOC,163,8565,189,18,70,5
UTOC16,UTOC,163,8565,189,18,70,5
UTOC18,UTOC,163,8565,189,18,70,5
UTOC19,UTOC,163,8565,189,18,70,5
UTOC20,UTOC,163,8565,189,18,70,5
UTOC21,UTOC,163,8565,189,18,70,5
UTOC22,UTOC,163,8565,189,18,70,5
UTOC23,UTOC,163,8565,189,18,70,5
UTOC24,UTOC,163,8565,189,18,70,5
UTOC25,UTOC,163,8565,189,18,70,5
UTOC26,UTOC,163,8565,189,18,70,5
UTOC27,UTOC,163,8565,189,18,70,5
UTOC29,UTOC,163,8565,189,18,70,5
UTOC30,UTOC,163,8565,189,18,70,5
UTOC31,UTOC,163,8615,192,17,70,5
UTOC32,UTOC,163,8615,192,17,70,5
UTOC33,UTOC,163,8615,192,17,70,5
UTOC35,UTOC,163,8615,192,17,70,5
UTOC36,UTOC,162,8573,189,18,71,5
UTOC37,UTOC,163,8615,192,17,70,5
UTOC38,UTOC,163,8615,192,17,70,5
UTOC39,UTOC,163,8615,192,17,70,5
UTOC40,UTOC,163,8615,192,17,70,5
UTOC41,UTOC,163,8615,192,17,70,5
UTSC1,UTSC,158,8611,182,17,81,6
UTSC2,UTSC,155,8493,174,17,88,6
UTSC3,UTSC,153,8460,172,17,90,6
UTSC4,UTSC,153,8460,172,17,90,6
UTSC5,UTSC,153,8460,172,17,90,6
UTSC6,UTSC,153,8460,172,17,90,6
UTSC7,UTSC,153,8460,172,17,90,6
UTSC8,UTSC,155,8493,174,17,88,6
UTSC_U1,UTSC,160,8649,187,17,77,6
OR1,OR,168,8631,168,22,83,6
OR2,OR,168,8664,170,23,82,6
OR3,OR,168,8664,170,23,82,6
OR4,OR,168,8664,170,23,82,6
OR5,OR,168,8664,170,23,82,6
OR6,OR,165,8782,177,24,82,6
OR7,OR,165,8782,177,24,82,6
OR8,OR,165,8782,177,24,82,6
OR9,OR,165,8782,177,24,82,6
OR10,OR,165,8782,177,24,82,6
OR12,OR,151,9183,193,31,83,6
OR13,OR,151,9183,193,31,83,6
OR14,OR,150,9202,194,31,83,6
OR16,OR,146,9132,193,30,85,6
OR17,OR,146,9132,193,30,85,6
SC13,UTWR,138,8975,201,30,83,6
SC18M,UTWR,152,8139,148,17,97,6
SC2M,UTWR,138,8975,201,30,83,6
WYSR1,WYSR,166,8986,155,17,101,6
WYSR2,WYSR,166,8986,155,17,101,6
WYSR3,WYSR,168,9008,154,17,100,6
WYSR4,WYSR,168,9010,153,17,102,6
WYSR6,WYSR,168,9010,153,17,102,6
WYSR7,WYSR,168,9010,153,17,102,6
WYSR9,WYSR,169,9005,151,17,101,6
WYSR10,WYSR,169,9005,151,17,101,6
WYSR11,WYSR,169,9005,151,17,101,6
WYSR12,WYSR,169,9005,151,17,101,6
WYSR13,WYSR,169,9005,151,17,101,6
WYSR14,WYSR,169,8974,153,17,101,6
WYSR15,WYSR,169,8974,153,17,101,6
WYSR16,WYSR,169,8974,153,17,101,6
WYSR17,WYSR,168,8993,154,18,100,6
WYSR18,WYSR,168,8993,154,18,100,6
WYSR19,WYSR,168,8993,154,18,100,6
WYSR20,WYSR,168,8993,154,18,100,6
WYSR21,WYSR,168,8993,154,18,100,6
WYSR22,WYSR,168,8993,154,18,100,6
WYSR23,WYSR,168,8993,154,18,100,6
WYSR24,WYSR,168,8993,154,18,100,6
WYSR25,WYSR,166,9202,140,22,108,6
WYSR26,WYSR,166,9202,140,22,108,6
WYSR27,WYSR,166,9202,140,22,108,6
WYSR29A,WYSR,166,9214,141,22,108,6
WYSR30,WYSR,166,9202,140,22,108,6
WYSR31,WYSR,166,9202,140,22,108,6
WYSR32,WYSR,166,9177,139,24,109,6
WYSR33,WYSR,166,9177,139,24,109,6
WYSR34,WYSR,166,9177,139,24,109,6
WYSR35,WYSR,166,9177,139,24,109,6
WYSR36,WYSR,166,9177,139,24,109,6
WYSR38,WYSR,164,9091,134,25,112,6
WYSR45,WYSR,163,9029,133,26,113,6
WYSR47,WYSR,163,9029,133,26,113,6
WYSR48,WYSR,163,9029,133,26,113,6
WYSR49,WYSR,163,9029,133,26,113,6
WYSR50,WYSR,163,9029,133,26,113,6
WYSR52,WYSR,163,9029,133,26,113,6
WYSR54,WYSR,163,9029,133,26,113,6
WYPC3,WYSR,164,8916,126,26,119,6
WYPC9,WYSR,164,8913,127,26,118,6
WYPC11,WYSR,164,8952,128,26,118,6
BL40,BL,168,8877,153,36,84,6
BL45,BL,169,8919,154,36,84,6
BL51,BL,168,8939,155,35,84,6
BL54,BL,166,9024,157,33,83,6
BL55,BL,166,9024,157,33,83,6
BL56,BL,166,9024,157,33,83,6
BL57,BL,166,9010,155,32,85,6
BL62,BL,164,9061,158,30,83,6
BL63,BL,164,9061,158,30,83,6
BL64,BL,166,8973,148,30,88,6
BL65,BL,166,8973,148,30,88,6
BL67,BL,165,9062,156,30,84,6
BL68,BL,165,9062,156,30,84,6
BL70,BL,164,9144,159,30,83,6
BL71,BL,163,9145,159,29,83,6
BL72,BL,164,9156,159,29,82,6
BL73,BL,164,9156,159,29,82,6
BL75,BL,164,9190,160,29,82,6
BL76,BL,164,9190,160,29,82,6
BL77,BL,164,9190,160,29,82,6
BL78,BL,164,9196,161,29,82,6
BL79,BL,164,9196,161,29,82,6
BL81,BL,164,9184,161,27,82,6
BL82,BL,164,9184,161,27,82,6
BL83,BL,164,9231,162,29,82,6
BL85,BL,164,9231,162,29,82,6
BL86,BL,164,9242,162,29,82,6
BL87,BL,164,9242,162,29,82,6
BL88,BL,164,9293,163,29,81,6
BL90,BL,165,9280,163,27,81,6
BH1,BH,155,8422,167,64,101,7
BH2,BH,156,8451,167,60,101,7
BH4,BH,155,8422,167,64,101,7
BH6,BH,158,8310,172,68,105,7
BH7,BH,158,8310,172,68,105,7
BH9,BH,158,8310,172,68,105,7
BH10,BH,158,8292,171,68,105,7
BH16,BH,160,8224,170,67,105,7
BH36,BH,159,8295,171,67,105,7
BH37,BH,159,8295,171,67,105,7
BH39,BH,159,8295,171,67,105,7
BH40,BH,159,8295,171,67,105,7
BH41,BH,159,8295,171,67,105,7
BH42,BH,159,8295,171,67,105,7
BH45,BH,158,8260,168,65,109,7
BH46,BH,161,8248,171,68,106,7
BH47,BH,161,8248,171,68,106,7
BH48,BH,161,8248,171,68,106,7
BH49,BH,161,8248,171,68,106,7
BH51,BH,158,8260,168,65,109,7
BH53,BH,158,8260,168,65,109,7
BH54,BH,158,8260,168,65,109,7
BH55,BH,160,8271,171,68,106,7
BH57,BH,159,8310,172,67,105,7
BH58,BH,159,8310,172,67,105,7
BH59,BH,159,8310,172,67,105,7
BH60,BH,159,8310,172,67,105,7
BH62,BH,158,8336,172,67,105,7
BH63,BH,158,8336,172,67,105,7
BH64,BH,158,8336,172,67,105,7
BH65,BH,158,8336,172,67,105,7
BH66,BH,158,8306,172,67,105,7
BH67,BH,158,8324,172,67,105,7
BH68,BH,158,8324,172,67,105,7
BH69,BH,158,8324,172,67,105,7
BH70,BH,158,8324,172,67,105,7
BH71,BH,158,8309,172,67,105,7
BH73,BH,158,8297,172,67,105,7
BH77,BH,157,8311,173,67,105,7
BH78,BH,157,8311,173,67,105,7
BH80,BH,157,8311,173,67,105,7
ABOR01,ABOR,134,9286,173,48,153,7
ABOR02,ABOR,136,8448,158,53,163,7
ABOR03,ABOR,136,8473,158,53,163,7
ABOR04,ABOR,136,8473,158,53,163,7
ABOR05,ABOR,136,8448,158,53,163,7
ABOR06,ABOR,136,8473,158,53,163,7
ABOR07,ABOR,136,8473,158,53,163,7
ABOR08,ABOR,136,8473,158,53,163,7
ABOR09,ABOR,136,8448,158,53,163,7
ABOR10,ABOR,134,9286,173,48,153,7
ABOR11,ABOR,134,9286,173,48,153,7
ABOR12,ABOR,134,9286,173,48,153,7
ABOR13,ABOR,134,9286,173,48,153,7
ABOR14,ABOR,134,9286,173,48,153,7
ABOR15,ABOR,134,9286,173,48,153,7
ABOR16,ABOR,134,9286,173,48,153,7
ABOR17,ABOR,134,9286,173,48,153,7
ABOR18,ABOR,134,9286,173,48,153,7
ABOR19,ABOR,134,9286,173,48,153,7
ABOR20,ABOR,134,9286,173,48,153,7
ABOR21,ABOR,134,9286,173,48,153,7
ABOR22,ABOR,134,9286,173,48,153,7
ABOR23,ABOR,134,9286,173,48,153,7
ABOR24,ABOR,136,9005,161,49,165,7
ABOR25,ABOR,136,9005,161,49,165,7
ABOR26,ABOR,136,9005,161,49,165,7
ABOR27,ABOR,136,9005,161,49,165,7
ABOR28,ABOR,136,9005,161,49,165,7
ABOR29,ABOR,136,9005,161,49,165,7
ABOR30,ABOR,136,9005,161,49,165,7
ABOR31,ABOR,136,9005,161,49,165,7
ABOR32,ABOR,136,9019,162,49,164,7
ABOR33,ABOR,136,9005,161,49,165,7
ABOR34,ABOR,136,9005,161,49,165,7
ABOR35,ABOR,136,9005,161,49,165,7
ABOR36,ABOR,136,9005,161,49,165,7
ABOR37,ABOR,136,9005,161,49,165,7
ABOR38,ABOR,136,9005,161,49,165,7
ABOR39,ABOR,136,9005,161,49,165,7
ABOR40,ABOR,136,9005,161,49,165,7
ABOR41,ABOR,134,9286,173,48,153,7
ABOR42,ABOR,134,9286,173,48,153,7
ABOR43,ABOR,134,9286,173,48,153,7
ABOR44,ABOR,134,9286,173,48,153,7
ABOR45,ABOR,134,9286,173,48,153,7
ABOR46,ABOR,134,9286,173,48,153,7
ABOR47,ABOR,134,9286,173,48,153,7
ABOR48,ABOR,134,9286,173,48,153,7
ABOR49,ABOR,134,9286,173,48,153,7
ABOR50,ABOR,134,9286,173,48,153,7
ABOR51,ABOR,134,9292,173,48,153,7
ABOR52,ABOR,134,9286,173,48,153,7
ABOR53,ABOR,134,9286,173,48,153,7
ABOR54,ABOR,134,9286,173,48,153,7
ABOR55,ABOR,134,9286,173,48,153,7
ABOR56,ABOR,134,9286,173,48,153,7
ABOR57,ABOR,134,9286,173,48,153,7
ABOR58,ABOR,134,9286,173,48,153,7
ABOR59,ABOR,134,9286,173,48,153,7
ABOR60,ABOR,134,9286,173,48,153,7
