"","TDiurnRng","TSeas","AveTWrmQtr","PSeas","PWrmQtr"
"1",-1.70759790395136,-2.15802295776303,1.64730134005132,1.21493767590973,2.54106366789546
"2",-1.70759790395136,-2.15802295776303,1.64730134005132,1.21493767590973,2.54106366789546
"3",-1.70759790395136,-2.15802295776303,1.64730134005132,1.21493767590973,2.54106366789546
"4",-1.70759790395136,-2.15802295776303,1.64730134005132,1.21493767590973,2.54106366789546
"5",-1.70759790395136,-2.15802295776303,1.64730134005132,1.21493767590973,2.54106366789546
"6",-1.70759790395136,-2.15802295776303,1.64730134005132,1.21493767590973,2.54106366789546
"7",-1.70759790395136,-2.15802295776303,1.64730134005132,1.21493767590973,2.54106366789546
"8",-1.70759790395136,-2.15802295776303,1.64730134005132,1.21493767590973,2.54106366789546
"9",-0.273033592490737,-1.36308442665634,1.84070944425369,0.565881354037783,1.19343971912585
"10",-0.273033592490737,-1.36308442665634,1.84070944425369,0.565881354037783,1.19343971912585
"11",-0.100885875115462,-1.38818774869129,1.21213310559599,0.62488647420796,1.23990951046273
"12",-0.445181309866011,-1.48142865910681,0.825316897191253,0.329860873357075,1.51872825848403
"13",-0.215651020032312,-1.37384299324274,1.30883715769718,0.62488647420796,1.28637930179961
"14",-0.215651020032312,-1.37384299324274,1.30883715769718,0.62488647420796,1.28637930179961
"15",-0.215651020032312,-1.37384299324274,1.30883715769718,0.62488647420796,1.28637930179961
"16",-0.215651020032312,-1.37384299324274,1.30883715769718,0.62488647420796,1.28637930179961
"17",-0.215651020032312,-1.37384299324274,1.30883715769718,0.62488647420796,1.28637930179961
"18",-0.215651020032312,-1.37384299324274,1.30883715769718,0.62488647420796,1.28637930179961
"19",-0.215651020032312,-1.37384299324274,1.30883715769718,0.62488647420796,1.28637930179961
"20",-0.215651020032312,-1.1873611724117,1.45389323584895,-0.142180088004341,0.473157953404156
"21",-0.215651020032312,-1.1873611724117,1.45389323584895,-0.142180088004341,0.473157953404156
"22",-0.215651020032312,-1.1873611724117,1.45389323584895,-0.142180088004341,0.473157953404156
"23",-0.273033592490737,-1.19453355013597,1.55059728795014,-0.142180088004341,0.473157953404156
"24",-0.273033592490737,-1.19453355013597,1.55059728795014,-0.142180088004341,0.473157953404156
"25",-0.273033592490737,-1.19453355013597,1.55059728795014,-0.142180088004341,0.473157953404156
"26",-0.273033592490737,-1.19453355013597,1.55059728795014,-0.142180088004341,0.473157953404156
"27",-0.273033592490737,-1.19453355013597,1.55059728795014,-0.142180088004341,0.473157953404156
"28",-0.215651020032312,-1.1873611724117,1.45389323584895,-0.142180088004341,0.473157953404156
"29",-0.215651020032312,-1.1873611724117,1.45389323584895,-0.142180088004341,0.473157953404156
"30",-0.215651020032312,-1.1873611724117,1.45389323584895,-0.142180088004341,0.473157953404156
"31",-0.215651020032312,-1.1873611724117,1.45389323584895,-0.142180088004341,0.473157953404156
"32",-0.215651020032312,-1.1873611724117,1.45389323584895,-0.142180088004341,0.473157953404156
"33",-0.215651020032312,-1.1873611724117,1.45389323584895,-0.142180088004341,0.473157953404156
"34",-0.215651020032312,-1.1873611724117,1.45389323584895,-0.142180088004341,0.473157953404156
"35",-0.215651020032312,-1.1873611724117,1.45389323584895,-0.142180088004341,0.473157953404156
"36",-0.215651020032312,-1.1873611724117,1.45389323584895,-0.142180088004341,0.473157953404156
"37",-0.215651020032312,-1.1873611724117,1.45389323584895,-0.142180088004341,0.473157953404156
"38",-0.215651020032312,-1.1873611724117,1.45389323584895,-0.142180088004341,0.473157953404156
"39",-0.100885875115462,-1.20887830558451,0.148388532482961,-0.0241698476639867,0.798446492762338
"40",-0.100885875115462,-1.20887830558451,0.148388532482961,-0.0241698476639867,0.798446492762338
"41",-0.100885875115462,-1.20887830558451,0.148388532482961,-0.0241698476639867,0.798446492762338
"42",-0.100885875115462,-1.20887830558451,0.148388532482961,-0.0241698476639867,0.798446492762338
"43",-0.100885875115462,-1.20887830558451,0.148388532482961,-0.0241698476639867,0.798446492762338
"44",-0.100885875115462,-1.20887830558451,0.148388532482961,-0.0241698476639867,0.798446492762338
"45",-0.100885875115462,-1.20887830558451,0.148388532482961,-0.0241698476639867,0.798446492762338
"46",-0.100885875115462,-1.20887830558451,0.148388532482961,-0.0241698476639867,0.798446492762338
"47",-0.158268447573887,-1.20648751300976,0.390148662735923,-0.0831749678341637,0.728741805757013
"48",-0.158268447573887,-1.20648751300976,0.390148662735923,-0.0831749678341637,0.728741805757013
"49",-0.158268447573887,-1.20648751300976,0.390148662735923,-0.0831749678341637,0.728741805757013
"50",-0.158268447573887,-1.20648751300976,0.390148662735923,-0.0831749678341637,0.728741805757013
"51",-0.158268447573887,-1.20648751300976,0.390148662735923,-0.0831749678341637,0.728741805757013
"52",-0.158268447573887,-1.20648751300976,0.390148662735923,-0.0831749678341637,0.728741805757013
"53",-0.158268447573887,-1.20648751300976,0.390148662735923,-0.0831749678341637,0.728741805757013
"54",-0.158268447573887,-1.20648751300976,0.390148662735923,-0.0831749678341637,0.728741805757013
"55",-0.158268447573887,-1.20648751300976,0.390148662735923,-0.0831749678341637,0.728741805757013
"56",-0.158268447573887,-1.20648751300976,0.390148662735923,-0.0831749678341637,0.728741805757013
"57",-0.158268447573887,-1.20648751300976,0.390148662735923,-0.0831749678341637,0.728741805757013
"58",-0.158268447573887,-1.20648751300976,0.390148662735923,-0.0831749678341637,0.728741805757013
"59",-0.158268447573887,-1.20648751300976,0.390148662735923,-0.0831749678341637,0.728741805757013
"60",-0.158268447573887,-1.20648751300976,0.390148662735923,-0.0831749678341637,0.728741805757013
"61",-0.158268447573887,-1.20648751300976,0.390148662735923,-0.0831749678341637,0.728741805757013
"62",-0.158268447573887,-1.20648751300976,0.390148662735923,-0.0831749678341637,0.728741805757013
"63",-0.158268447573887,-1.20648751300976,0.390148662735923,-0.0831749678341637,0.728741805757013
"64",-0.158268447573887,-1.21246449444665,0.390148662735923,-0.0831749678341637,0.751976701425455
"65",-0.158268447573887,-1.21246449444665,0.390148662735923,-0.0831749678341637,0.751976701425455
"66",-0.158268447573887,-1.21246449444665,0.390148662735923,-0.0831749678341637,0.751976701425455
"67",-0.330416164949162,-1.1263959617554,-0.286779701972369,0.0348352725061903,0.868151179767663
"68",-0.330416164949162,-1.1263959617554,-0.286779701972369,0.0348352725061903,0.868151179767663
"69",-0.330416164949162,-1.1263959617554,-0.286779701972369,0.0348352725061903,0.868151179767663
"70",-0.273033592490737,-1.05347678822531,0.00333245433118466,-0.0831749678341637,0.24080899671974
"71",-0.273033592490737,-1.05347678822531,0.00333245433118466,-0.0831749678341637,0.24080899671974
"72",-0.273033592490737,-1.05347678822531,0.00333245433118466,-0.0831749678341637,0.24080899671974
"73",-0.445181309866011,-1.24474019420587,0.293444610634738,0.152845512846544,1.3328490931365
"74",-0.445181309866011,-1.24354479791849,0.245092584584146,0.152845512846544,1.3328490931365
"75",-0.100885875115462,-0.762995490392338,0.922020949292437,0.270855753186898,0.612567327414805
"76",-0.100885875115462,-0.735501375782633,0.97037297534303,0.270855753186898,0.566097536077922
"77",-0.100885875115462,-0.735501375782633,0.97037297534303,0.270855753186898,0.566097536077922
"78",-0.100885875115462,-0.762995490392338,0.922020949292437,0.270855753186898,0.612567327414805
"79",-0.100885875115462,-0.762995490392338,0.922020949292437,0.270855753186898,0.612567327414805
"80",-0.100885875115462,-0.762995490392338,0.922020949292437,0.270855753186898,0.612567327414805
"81",-0.100885875115462,-0.762995490392338,0.922020949292437,0.270855753186898,0.612567327414805
"82",-0.100885875115462,-0.762995490392338,0.922020949292437,0.270855753186898,0.612567327414805
"83",-0.100885875115462,-0.762995490392338,0.922020949292437,0.270855753186898,0.612567327414805
"84",-0.100885875115462,-0.762995490392338,0.922020949292437,0.270855753186898,0.612567327414805
"85",-0.732094172158136,-1.11683279145637,-0.0450195717194076,0.447871113697429,1.40255378014182
"86",-0.732094172158136,-1.11683279145637,-0.0450195717194076,0.447871113697429,1.40255378014182
"87",-0.732094172158136,-1.11683279145637,-0.0450195717194076,0.447871113697429,1.40255378014182
"88",-0.732094172158136,-1.11683279145637,-0.0450195717194076,0.447871113697429,1.40255378014182
"89",0.0712618422598124,-0.821569908473884,0.680260819039476,0.565881354037783,0.728741805757013
"90",0.0712618422598124,-0.821569908473884,0.680260819039476,0.565881354037783,0.728741805757013
"91",0.0712618422598124,-0.821569908473884,0.680260819039476,0.565881354037783,0.728741805757013
"92",0.128644414718237,-0.814397530749613,0.776964871140661,0.565881354037783,0.728741805757013
"93",0.128644414718237,-0.814397530749613,0.776964871140661,0.565881354037783,0.728741805757013
"94",0.128644414718237,-0.814397530749613,0.776964871140661,0.565881354037783,0.728741805757013
"95",-0.0435033026570373,-1.30929159372431,-0.141723623820592,0.506876233867606,1.54196315415247
"96",-0.100885875115462,-1.34634887863304,-0.190075649871184,0.506876233867606,1.54196315415247
"97",-0.215651020032312,-1.34156729348353,-0.238427675921777,0.506876233867606,1.61166784115779
"98",-0.215651020032312,-1.34156729348353,-0.238427675921777,0.506876233867606,1.61166784115779
"99",-0.215651020032312,-1.34156729348353,-0.238427675921777,0.506876233867606,1.61166784115779
"100",-0.158268447573887,-1.35352125635731,-0.238427675921777,0.506876233867606,1.61166784115779
"101",-0.158268447573887,-1.35352125635731,-0.238427675921777,0.506876233867606,1.61166784115779
"102",-0.158268447573887,-1.35352125635731,-0.238427675921777,0.506876233867606,1.61166784115779
"103",-0.0435033026570373,-1.30929159372431,-0.141723623820592,0.506876233867606,1.54196315415247
"104",-0.0435033026570373,-1.30929159372431,-0.141723623820592,0.506876233867606,1.54196315415247
"105",-0.0435033026570373,-1.30929159372431,-0.141723623820592,0.506876233867606,1.54196315415247
"106",-0.0435033026570373,-1.30929159372431,-0.141723623820592,0.506876233867606,1.54196315415247
"107",-0.0435033026570373,-1.30929159372431,-0.141723623820592,0.506876233867606,1.54196315415247
"108",-0.0435033026570373,-1.30929159372431,-0.141723623820592,0.506876233867606,1.54196315415247
"109",0.0138792698013876,-1.31287778258644,-0.0933715977699998,0.506876233867606,1.47225846714715
"110",0.0138792698013876,-1.31287778258644,-0.0933715977699998,0.506876233867606,1.47225846714715
"111",0.0138792698013876,-1.31287778258644,-0.0933715977699998,0.506876233867606,1.47225846714715
"112",0.0712618422598124,-1.29375144198839,-0.0450195717194076,0.565881354037783,1.42578867581026
"113",0.0712618422598124,-1.29375144198839,-0.0450195717194076,0.565881354037783,1.42578867581026
"114",0.128644414718237,-1.2315908350447,0.0516844803817769,0.506876233867606,1.40255378014182
"115",0.243409559635087,-1.2208322684583,0.100036506432369,0.565881354037783,1.3328490931365
"116",0.243409559635087,-1.22322306103306,0.100036506432369,0.565881354037783,1.28637930179961
"117",0.358174704551937,-1.20529211672238,0.196740558533554,0.565881354037783,1.21667461479429
"118",0.358174704551937,-1.20529211672238,0.196740558533554,0.565881354037783,1.21667461479429
"119",0.358174704551937,-1.20529211672238,0.196740558533554,0.565881354037783,1.21667461479429
"120",0.358174704551937,-1.20529211672238,0.196740558533554,0.565881354037783,1.21667461479429
"121",0.358174704551937,-1.20529211672238,0.196740558533554,0.565881354037783,1.21667461479429
"122",0.358174704551937,-1.20529211672238,0.196740558533554,0.565881354037783,1.21667461479429
"123",0.358174704551937,-1.20529211672238,0.196740558533554,0.565881354037783,1.19343971912585
"124",0.358174704551937,-1.20529211672238,0.196740558533554,0.565881354037783,1.19343971912585
"125",0.300792132093512,-1.20887830558451,0.100036506432369,0.565881354037783,1.23990951046273
"126",0.300792132093512,-1.20887830558451,0.100036506432369,0.565881354037783,1.23990951046273
"127",0.300792132093512,-1.20887830558451,0.100036506432369,0.565881354037783,1.23990951046273
"128",0.300792132093512,-1.20887830558451,0.100036506432369,0.565881354037783,1.23990951046273
"129",0.358174704551937,-1.20529211672238,0.196740558533554,0.565881354037783,1.19343971912585
"130",2.25179959567996,-1.55793402149903,-0.141723623820592,1.45095815659044,1.40255378014182
"131",2.25179959567996,-1.55793402149903,-0.141723623820592,1.45095815659044,1.40255378014182
"132",2.30918216813838,-1.55554322892427,-0.0933715977699998,1.45095815659044,1.37931888447338
"133",2.30918216813838,-1.55554322892427,-0.0933715977699998,1.45095815659044,1.37931888447338
"134",2.30918216813838,-1.5543478326369,-0.0450195717194076,1.45095815659044,1.37931888447338
"135",2.19441702322153,-1.64519795047766,-0.480187806174738,1.50996327676062,1.51872825848403
"136",2.19441702322153,-1.64519795047766,-0.480187806174738,1.50996327676062,1.51872825848403
"137",2.19441702322153,-1.64519795047766,-0.480187806174738,1.50996327676062,1.51872825848403
"138",2.19441702322153,-1.64519795047766,-0.480187806174738,1.50996327676062,1.51872825848403
"139",2.19441702322153,-1.64519795047766,-0.480187806174738,1.50996327676062,1.51872825848403
"140",2.19441702322153,-1.64519795047766,-0.480187806174738,1.50996327676062,1.51872825848403
"141",2.19441702322153,-1.64519795047766,-0.480187806174738,1.50996327676062,1.51872825848403
"142",2.19441702322153,-1.64519795047766,-0.480187806174738,1.50996327676062,1.51872825848403
"143",2.19441702322153,-1.64519795047766,-0.480187806174738,1.50996327676062,1.51872825848403
"144",2.19441702322153,-1.64519795047766,-0.480187806174738,1.50996327676062,1.51872825848403
"145",2.19441702322153,-1.64519795047766,-0.480187806174738,1.50996327676062,1.51872825848403
"146",2.19441702322153,-1.65356572448931,-0.480187806174738,1.45095815659044,1.54196315415247
"147",2.19441702322153,-1.65356572448931,-0.480187806174738,1.45095815659044,1.54196315415247
"148",2.19441702322153,-1.65356572448931,-0.480187806174738,1.45095815659044,1.54196315415247
"149",2.19441702322153,-1.65356572448931,-0.480187806174738,1.45095815659044,1.54196315415247
"150",2.19441702322153,-1.65356572448931,-0.480187806174738,1.45095815659044,1.54196315415247
"151",2.19441702322153,-1.65356572448931,-0.480187806174738,1.45095815659044,1.54196315415247
"152",2.19441702322153,-1.65356572448931,-0.480187806174738,1.45095815659044,1.54196315415247
"153",2.19441702322153,-1.65356572448931,-0.480187806174738,1.45095815659044,1.54196315415247
"154",2.19441702322153,-1.65356572448931,-0.480187806174738,1.45095815659044,1.54196315415247
"155",2.19441702322153,-1.65356572448931,-0.480187806174738,1.45095815659044,1.54196315415247
"156",2.19441702322153,-1.65356572448931,-0.480187806174738,1.45095815659044,1.54196315415247
"157",2.19441702322153,-1.65356572448931,-0.480187806174738,1.45095815659044,1.54196315415247
"158",2.19441702322153,-1.65356572448931,-0.480187806174738,1.45095815659044,1.54196315415247
"159",2.19441702322153,-1.65356572448931,-0.480187806174738,1.45095815659044,1.54196315415247
"160",2.19441702322153,-1.65356572448931,-0.480187806174738,1.45095815659044,1.54196315415247
"161",2.19441702322153,-1.65356572448931,-0.480187806174738,1.45095815659044,1.54196315415247
"162",2.19441702322153,-1.65356572448931,-0.480187806174738,1.45095815659044,1.54196315415247
"163",2.19441702322153,-1.65356572448931,-0.480187806174738,1.45095815659044,1.54196315415247
"164",2.25179959567996,-1.55793402149903,-0.141723623820592,1.45095815659044,1.40255378014182
"165",2.25179959567996,-1.55793402149903,-0.141723623820592,1.45095815659044,1.40255378014182
"166",2.25179959567996,-1.55793402149903,-0.141723623820592,1.45095815659044,1.40255378014182
"167",2.25179959567996,-1.55793402149903,-0.141723623820592,1.45095815659044,1.40255378014182
"168",2.25179959567996,-1.55793402149903,-0.141723623820592,1.45095815659044,1.40255378014182
"169",2.25179959567996,-1.55793402149903,-0.141723623820592,1.45095815659044,1.40255378014182
"170",2.25179959567996,-1.55793402149903,-0.141723623820592,1.45095815659044,1.40255378014182
"171",2.25179959567996,-1.55793402149903,-0.141723623820592,1.45095815659044,1.40255378014182
"172",2.25179959567996,-1.55793402149903,-0.141723623820592,1.45095815659044,1.40255378014182
"173",2.25179959567996,-1.55793402149903,-0.141723623820592,1.45095815659044,1.40255378014182
"174",2.25179959567996,-1.55793402149903,-0.141723623820592,1.45095815659044,1.40255378014182
"175",2.30918216813838,-1.55315243634952,-0.0450195717194076,1.39195303642026,1.35608398880494
"176",2.30918216813838,-1.56749719179806,-0.141723623820592,1.45095815659044,1.37931888447338
"177",2.30918216813838,-1.55315243634952,-0.0450195717194076,1.39195303642026,1.35608398880494
"178",2.30918216813838,-1.55315243634952,-0.0450195717194076,1.39195303642026,1.35608398880494
"179",2.30918216813838,-1.55315243634952,-0.0450195717194076,1.39195303642026,1.35608398880494
"180",2.30918216813838,-1.55315243634952,-0.0450195717194076,1.39195303642026,1.35608398880494
"181",2.25179959567996,-1.64997953562718,-0.335131728022961,1.39195303642026,1.49549336281559
"182",2.25179959567996,-1.64997953562718,-0.335131728022961,1.39195303642026,1.49549336281559
"183",1.67797387109571,-1.5710833806602,-1.30217224903481,1.62797351710097,1.49549336281559
"184",1.85012158847098,-1.459911525934,-1.06041211878184,1.56896839693079,1.3328490931365
"185",1.85012158847098,-1.459911525934,-1.06041211878184,1.56896839693079,1.3328490931365
"186",1.85012158847098,-1.459911525934,-1.06041211878184,1.56896839693079,1.3328490931365
"187",1.85012158847098,-1.5208767365903,-1.15711617088303,1.56896839693079,1.3328490931365
"188",1.79273901601256,-1.49696881084273,-1.15711617088303,1.62797351710097,1.37931888447338
"189",1.90750416092941,-1.47784247024467,-1.01206009273125,1.68697863727115,1.23990951046273
"190",1.79273901601256,-1.48023326281943,-1.10876414483244,1.62797351710097,1.35608398880494
"191",1.79273901601256,-1.48023326281943,-1.10876414483244,1.62797351710097,1.35608398880494
"192",1.85012158847098,-1.53522149203884,-1.15711617088303,1.56896839693079,1.3328490931365
"193",1.85012158847098,-1.53522149203884,-1.15711617088303,1.56896839693079,1.3328490931365
"194",1.85012158847098,-1.459911525934,-1.06041211878184,1.56896839693079,1.3328490931365
"195",2.19441702322153,-1.35113046378255,-0.0933715977699998,1.86399399778168,1.42578867581026
"196",2.19441702322153,-1.35113046378255,-0.0933715977699998,1.86399399778168,1.42578867581026
"197",2.19441702322153,-1.35113046378255,-0.0933715977699998,1.86399399778168,1.42578867581026
"198",2.19441702322153,-1.35113046378255,-0.0933715977699998,1.86399399778168,1.42578867581026
"199",2.19441702322153,-1.33798110462139,-0.0933715977699998,1.86399399778168,1.42578867581026
"200",2.19441702322153,-1.33798110462139,-0.0933715977699998,1.86399399778168,1.42578867581026
"201",2.19441702322153,-1.33798110462139,-0.0933715977699998,1.86399399778168,1.42578867581026
"202",2.30918216813838,-1.46947469623302,-0.721947936427699,1.68697863727115,1.35608398880494
"203",2.19441702322153,-1.56391100293592,-0.915356040630068,1.74598375744132,1.51872825848403
"204",2.36656474059681,-1.41568186330099,-0.576891858275922,1.8049888776115,1.28637930179961
"205",2.36656474059681,-1.41568186330099,-0.576891858275922,1.8049888776115,1.28637930179961
"206",2.36656474059681,-1.41568186330099,-0.576891858275922,1.8049888776115,1.28637930179961
"207",2.30918216813838,-1.45871612964662,-0.673595910377107,1.68697863727115,1.3328490931365
"208",2.30918216813838,-1.45871612964662,-0.673595910377107,1.68697863727115,1.3328490931365
"209",2.30918216813838,-1.45871612964662,-0.673595910377107,1.68697863727115,1.3328490931365
"210",2.30918216813838,-1.45871612964662,-0.673595910377107,1.68697863727115,1.3328490931365
"211",2.30918216813838,-1.45871612964662,-0.673595910377107,1.68697863727115,1.3328490931365
"212",-0.732094172158136,-0.358951545258409,0.825316897191253,0.62488647420796,0.891386075436105
"213",-0.732094172158136,-0.358951545258409,0.825316897191253,0.62488647420796,0.891386075436105
"214",-0.445181309866011,-0.241802709095317,1.11542905349481,0.742896714548314,0.612567327414805
"215",-0.445181309866011,-0.241802709095317,1.11542905349481,0.742896714548314,0.612567327414805
"216",-0.445181309866011,-0.241802709095317,1.11542905349481,0.742896714548314,0.612567327414805
"217",-0.445181309866011,-0.241802709095317,1.11542905349481,0.742896714548314,0.612567327414805
"218",-0.445181309866011,-0.241802709095317,1.11542905349481,0.742896714548314,0.612567327414805
"219",-0.387798737407586,-0.222676368497261,1.1637810795454,0.683891594378137,0.566097536077922
"220",-0.387798737407586,-0.222676368497261,1.1637810795454,0.683891594378137,0.566097536077922
"221",-0.387798737407586,-0.222676368497261,1.1637810795454,0.683891594378137,0.566097536077922
"222",-0.445181309866011,-0.231044142508911,1.11542905349481,0.683891594378137,0.68227201442013
"223",-0.215651020032312,-0.148561798679795,1.35718918374777,0.801901834718491,0.426688162067272
"224",-0.215651020032312,-0.148561798679795,1.35718918374777,0.801901834718491,0.426688162067272
"225",-0.215651020032312,-0.148561798679795,1.35718918374777,0.801901834718491,0.426688162067272
"226",-0.215651020032312,-0.148561798679795,1.35718918374777,0.801901834718491,0.426688162067272
"227",-0.215651020032312,-0.148561798679795,1.35718918374777,0.801901834718491,0.426688162067272
"228",0.587704994385636,-0.113895306345819,0.486852714837107,0.742896714548314,0.403453266398831
"229",0.300792132093512,-1.19453355013597,-1.59228440533836,0.742896714548314,2.16930533720039
"230",0.300792132093512,-1.19453355013597,-1.59228440533836,0.742896714548314,2.16930533720039
"231",0.472939849468786,-0.970994444396195,-1.01206009273125,0.801901834718491,1.7278423195
"232",0.932000429136185,0.0905174587959024,1.1637810795454,0.978917195229022,0.00846004003532343
"233",0.817235284219336,0.29014863878811,-0.383483754073553,0.683891594378137,0.333748579393506
"234",0.817235284219336,0.29014863878811,-0.383483754073553,0.683891594378137,0.333748579393506
"235",0.817235284219336,0.29014863878811,-0.383483754073553,0.683891594378137,0.333748579393506
"236",0.530322421927211,-0.765386282967095,-2.5593249263502,0.0348352725061903,1.70460742383156
"237",0.702470139302486,-0.580099858423429,-2.26921277004665,0.0938403926763673,1.47225846714715
"238",0.817235284219336,-0.150952591254552,-1.39887630113599,0.447871113697429,0.914620971104546
"239",0.817235284219336,0.00683971867940831,-1.01206009273125,0.506876233867606,0.728741805757013
"240",0.817235284219336,0.00683971867940831,-1.01206009273125,0.506876233867606,0.728741805757013
"241",0.817235284219336,0.29014863878811,-0.383483754073553,0.683891594378137,0.333748579393506
"242",0.817235284219336,0.29014863878811,-0.383483754073553,0.683891594378137,0.333748579393506
"243",0.817235284219336,0.29014863878811,-0.383483754073553,0.683891594378137,0.333748579393506
"244",0.186026987176662,1.29786770904817,2.22752565265843,-0.732231289706111,-1.10681495204987
"245",0.186026987176662,1.29786770904817,2.22752565265843,-0.732231289706111,-1.10681495204987
"246",0.186026987176662,1.29786770904817,2.22752565265843,-0.732231289706111,-1.10681495204987
"247",-0.100885875115462,1.12812143624043,1.88906147030428,-0.791236409876288,-0.990640473707666
"248",0.128644414718237,1.29906310533555,2.32422970475961,-0.791236409876288,-1.13004984771832
"249",-0.100885875115462,1.12812143624043,1.88906147030428,-0.791236409876288,-0.990640473707666
"250",0.300792132093512,0.14789648059007,-0.0450195717194076,-0.909246650216642,-0.130949333975326
"251",0.243409559635087,0.0988852328075518,-0.238427675921777,-0.909246650216642,-0.0147748556331182
"252",0.243409559635087,0.0988852328075518,-0.238427675921777,-0.909246650216642,-0.0147748556331182
"253",0.0712618422598124,0.887846782477354,1.35718918374777,-0.732231289706111,-0.874465995365458
"254",0.128644414718237,0.916536293374437,1.45389323584895,-0.732231289706111,-0.920935786702341
"255",0.128644414718237,0.916536293374437,1.45389323584895,-0.732231289706111,-0.920935786702341
"256",0.186026987176662,1.28710914246177,2.22752565265843,-0.732231289706111,-1.10681495204987
"257",0.186026987176662,1.28710914246177,2.22752565265843,-0.732231289706111,-1.10681495204987
"258",0.0712618422598124,1.19386823204625,1.98576552240547,-0.791236409876288,-1.06034516071299
"259",0.0712618422598124,1.1185582659414,1.88906147030428,-0.791236409876288,-0.990640473707666
"260",0.186026987176662,1.2464656686909,2.17917362660784,-0.732231289706111,-1.10681495204987
"261",0.186026987176662,1.2464656686909,2.17917362660784,-0.732231289706111,-1.10681495204987
"262",0.186026987176662,1.13768460653946,1.93741349635487,-0.732231289706111,-1.06034516071299
"263",0.186026987176662,1.13768460653946,1.93741349635487,-0.732231289706111,-1.06034516071299
"264",0.186026987176662,1.13768460653946,1.93741349635487,-0.732231289706111,-1.06034516071299
"265",0.243409559635087,1.14127079540159,1.93741349635487,-0.673226169535934,-1.06034516071299
"266",0.243409559635087,1.11497207707927,1.88906147030428,-0.673226169535934,-1.06034516071299
"267",0.243409559635087,1.14127079540159,1.93741349635487,-0.673226169535934,-1.06034516071299
"268",0.0712618422598124,0.672675450749226,0.922020949292437,-0.732231289706111,-0.688586830017925
"269",-0.100885875115462,0.302102601661895,0.100036506432369,-0.791236409876288,-0.340063394991301
"270",0.128644414718237,0.759939379727856,1.1637810795454,-0.732231289706111,-0.804761308360133
"271",0.186026987176662,0.157459650889098,-0.0933715977699998,-0.791236409876288,-0.130949333975326
"272",0.186026987176662,0.157459650889098,-0.0933715977699998,-0.791236409876288,-0.130949333975326
"273",0.243409559635087,0.180172180349289,-0.0450195717194076,-0.791236409876288,-0.130949333975326
"274",0.759852711760911,-0.380468678431222,-0.286779701972369,0.683891594378137,-0.177419125312209
"275",0.817235284219336,-0.373296300706951,-0.190075649871184,0.62488647420796,-0.247123812317534
"276",0.817235284219336,-0.40557200046617,-0.335131728022961,0.62488647420796,-0.247123812317534
"277",0.817235284219336,-0.40557200046617,-0.335131728022961,0.62488647420796,-0.247123812317534
"278",0.817235284219336,-0.40557200046617,-0.335131728022961,0.62488647420796,-0.247123812317534
"279",0.702470139302486,-0.258538257118616,-0.818651988528884,0.683891594378137,-0.154184229643768
"280",0.702470139302486,-0.258538257118616,-0.818651988528884,0.683891594378137,-0.154184229643768
"281",0.702470139302486,-0.258538257118616,-0.818651988528884,0.683891594378137,-0.154184229643768
"282",0.702470139302486,-0.22387176478464,-1.01206009273125,0.683891594378137,-0.084479542638443
"283",0.702470139302486,-0.22387176478464,-1.01206009273125,0.683891594378137,-0.084479542638443
"284",0.702470139302486,-0.22387176478464,-1.01206009273125,0.683891594378137,-0.084479542638443
"285",-0.78947674461656,-1.09412026199618,-1.30217224903481,0.506876233867606,0.728741805757013
"286",-0.78947674461656,-1.09412026199618,-1.30217224903481,0.506876233867606,0.728741805757013
"287",-0.78947674461656,-1.09412026199618,-1.30217224903481,0.506876233867606,0.728741805757013
"288",-0.78947674461656,-1.09412026199618,-1.30217224903481,0.506876233867606,0.728741805757013
"289",-0.674711599699711,-0.840696249071939,-0.770299962478291,0.565881354037783,0.589332431746364
"290",-0.502563882324436,-1.03674124020201,-1.39887630113599,0.211850633016721,0.775211597093897
"291",-0.502563882324436,-1.03674124020201,-1.39887630113599,0.211850633016721,0.775211597093897
"292",-0.502563882324436,-1.03674124020201,-1.3505242750854,0.211850633016721,0.775211597093897
"293",-0.445181309866011,-1.0152241070292,-1.30217224903481,0.211850633016721,0.775211597093897
"294",-0.445181309866011,-0.939914140924354,-1.01206009273125,0.329860873357075,0.68227201442013
"295",-0.445181309866011,-0.921983196613677,-0.96370806668066,0.329860873357075,0.705506910088572
"296",-0.445181309866011,-0.859822589669995,-0.770299962478291,0.388865993527252,0.659037118751689
"297",-0.445181309866011,-0.859822589669995,-0.770299962478291,0.388865993527252,0.659037118751689
"298",-0.445181309866011,-0.731915186920497,-0.480187806174738,0.329860873357075,0.589332431746364
"299",-0.445181309866011,-0.685294731712736,-0.335131728022961,0.329860873357075,0.519627744741039
"300",-0.445181309866011,-0.685294731712736,-0.335131728022961,0.329860873357075,0.519627744741039
"301",-0.445181309866011,-0.378077885856465,0.245092584584146,0.329860873357075,0.356983475061948
"302",-0.445181309866011,-0.351779167534138,0.293444610634738,0.329860873357075,0.333748579393506
"303",-0.445181309866011,-0.351779167534138,0.293444610634738,0.329860873357075,0.333748579393506
"304",-0.445181309866011,-0.351779167534138,0.293444610634738,0.329860873357075,0.333748579393506
"305",-0.387798737407586,-0.188009876163285,0.583556766938292,0.329860873357075,0.217574101051298
"306",-0.387798737407586,-0.188009876163285,0.583556766938292,0.329860873357075,0.217574101051298
"307",-0.387798737407586,-0.0875965880234922,0.680260819039476,0.388865993527252,0.171104309714415
"308",-0.387798737407586,-0.0875965880234922,0.680260819039476,0.388865993527252,0.171104309714415
"309",-0.502563882324436,-0.313526486338026,0.34179663668533,0.329860873357075,0.333748579393506
"310",-0.330416164949162,-0.0338037550914603,0.728612845090068,0.388865993527252,0.171104309714415
"311",-0.330416164949162,-0.0338037550914603,0.728612845090068,0.388865993527252,0.171104309714415
"312",-0.330416164949162,-0.0338037550914603,0.728612845090068,0.388865993527252,0.171104309714415
"313",-0.330416164949162,-0.015872810780783,0.776964871140661,0.388865993527252,0.171104309714415
"314",-0.330416164949162,-0.015872810780783,0.776964871140661,0.388865993527252,0.171104309714415
"315",-0.330416164949162,0.00923051125416528,0.776964871140661,0.388865993527252,0.124634518377531
"316",-0.330416164949162,0.0546555701745478,0.825316897191253,0.447871113697429,0.124634518377531
"317",-0.330416164949162,0.033138437001735,0.825316897191253,0.447871113697429,0.147869414045973
"318",-0.732094172158136,0.989455466904525,1.01872500139362,0.919912075058845,-0.525942560338834
"319",-0.732094172158136,0.973915315168605,1.01872500139362,0.919912075058845,-0.525942560338834
"320",-0.732094172158136,0.973915315168605,1.01872500139362,0.919912075058845,-0.525942560338834
"321",-0.732094172158136,0.973915315168605,1.01872500139362,0.919912075058845,-0.525942560338834
"322",-0.78947674461656,1.23690249839187,0.922020949292437,0.565881354037783,-0.851231099697016
"323",-0.78947674461656,1.22614393180547,0.873668923241845,0.565881354037783,-0.851231099697016
"324",-0.78947674461656,1.22614393180547,0.873668923241845,0.565881354037783,-0.851231099697016
"325",-0.78947674461656,1.22614393180547,0.873668923241845,0.565881354037783,-0.851231099697016
"326",-0.846859317074985,1.3241664273705,0.873668923241845,0.565881354037783,-0.990640473707666
"327",-1.24853732428396,1.28710914246177,0.583556766938292,0.447871113697429,-1.10681495204987
"328",-1.24853732428396,1.28710914246177,0.583556766938292,0.447871113697429,-1.10681495204987
"329",-1.24853732428396,1.28710914246177,0.583556766938292,0.447871113697429,-1.10681495204987
"330",-1.24853732428396,1.28710914246177,0.583556766938292,0.447871113697429,-1.10681495204987
"331",-1.24853732428396,1.28710914246177,0.583556766938292,0.447871113697429,-1.10681495204987
"332",-0.961624461991835,1.45087843383262,0.922020949292437,0.62488647420796,-1.1765196390552
"333",-0.90424188953341,1.36720069371613,0.922020949292437,0.506876233867606,-1.08358005638143
"334",-0.90424188953341,1.36720069371613,0.922020949292437,0.506876233867606,-1.08358005638143
"335",-0.90424188953341,1.36720069371613,0.922020949292437,0.506876233867606,-1.08358005638143
"336",-0.90424188953341,1.36720069371613,0.922020949292437,0.506876233867606,-1.08358005638143
"337",-0.90424188953341,1.36720069371613,0.922020949292437,0.506876233867606,-1.08358005638143
"338",-0.90424188953341,1.3409019753938,0.873668923241845,0.506876233867606,-1.03711026504455
"339",-0.90424188953341,1.3409019753938,0.873668923241845,0.506876233867606,-1.03711026504455
"340",-0.90424188953341,1.3409019753938,0.873668923241845,0.506876233867606,-1.03711026504455
"341",-0.90424188953341,1.3409019753938,0.873668923241845,0.506876233867606,-1.03711026504455
"342",-0.90424188953341,1.3409019753938,0.873668923241845,0.506876233867606,-1.03711026504455
"343",-0.846859317074985,1.31579865335885,0.873668923241845,0.565881354037783,-0.990640473707666
"344",-0.445181309866011,0.970329126306469,0.776964871140661,1.0379223153992,-0.386533186328184
"345",-0.502563882324436,0.959570559720063,0.728612845090068,1.0379223153992,-0.340063394991301
"346",-0.502563882324436,1.01575418522685,0.873668923241845,1.0379223153992,-0.409768081996626
"347",-0.732094172158136,1.01934037408899,1.11542905349481,1.0379223153992,-0.502707664670392
"348",-0.732094172158136,1.00380022235307,1.06707702744421,1.0379223153992,-0.502707664670392
"349",-0.674711599699711,1.0073864112152,1.01872500139362,0.919912075058845,-0.525942560338834
"350",-0.674711599699711,1.04324829983656,0.97037297534303,0.860906954888668,-0.595647247344159
"351",-0.674711599699711,1.08867335875694,0.922020949292437,0.801901834718491,-0.688586830017925
"352",-0.78947674461656,1.28352295359963,0.922020949292437,0.565881354037783,-0.897700891033899
"353",0.472939849468786,-0.165297346703094,0.196740558533554,-1.32228249140788,-0.897700891033899
"354",0.472939849468786,-0.165297346703094,0.196740558533554,-1.32228249140788,-0.897700891033899
"355",0.472939849468786,-0.165297346703094,0.196740558533554,-1.32228249140788,-0.897700891033899
"356",0.530322421927211,-0.0864011917361137,0.438500688786515,-1.2632773712377,-0.990640473707666
"357",0.587704994385636,0.0642187404735757,0.680260819039476,-1.14526713089735,-1.10681495204987
"358",0.645087566844061,0.22679263555705,0.97037297534303,-1.08626201072717,-1.22298943039208
"359",0.645087566844061,0.22679263555705,0.97037297534303,-1.08626201072717,-1.22298943039208
"360",0.645087566844061,0.22679263555705,0.97037297534303,-1.08626201072717,-1.22298943039208
"361",0.702470139302486,0.425228419261879,1.30883715769718,-0.968251770386819,-1.38563370007117
"362",0.702470139302486,0.425228419261879,1.30883715769718,-0.968251770386819,-1.38563370007117
"363",0.702470139302486,0.284171657351217,1.11542905349481,-1.08626201072717,-1.29269411739741
"364",0.702470139302486,0.284171657351217,1.11542905349481,-1.08626201072717,-1.29269411739741
"365",0.702470139302486,0.223206446694915,1.01872500139362,-1.027256890557,-1.24622432606052
"366",0.702470139302486,0.181367576636667,0.922020949292437,-1.14526713089735,-1.22298943039208
"367",0.702470139302486,0.181367576636667,0.922020949292437,-1.14526713089735,-1.22298943039208
"368",0.702470139302486,0.181367576636667,0.922020949292437,-1.14526713089735,-1.22298943039208
"369",0.587704994385636,-0.064884058563301,0.486852714837107,-1.2632773712377,-1.01387536937611
"370",0.587704994385636,-0.0804242102992213,0.535204740887699,-1.20427225106753,-1.01387536937611
"371",0.587704994385636,-0.0804242102992213,0.535204740887699,-1.20427225106753,-1.01387536937611
"372",0.759852711760911,0.275803883339568,1.11542905349481,-1.027256890557,-1.33916390873429
"373",0.759852711760911,0.275803883339568,1.11542905349481,-1.027256890557,-1.33916390873429
"374",0.759852711760911,0.30568879052403,1.11542905349481,-1.027256890557,-1.36239880440273
"375",0.759852711760911,0.30568879052403,1.11542905349481,-1.027256890557,-1.36239880440273
"376",0.702470139302486,0.0128167001163007,0.535204740887699,-1.20427225106753,-1.1765196390552
"377",0.702470139302486,0.0128167001163007,0.535204740887699,-1.20427225106753,-1.1765196390552
"378",0.128644414718237,-0.398399622741899,-1.10876414483244,-1.55830297208859,-0.827996204028575
"379",0.128644414718237,-0.398399622741899,-1.10876414483244,-1.55830297208859,-0.827996204028575
"380",0.128644414718237,-0.398399622741899,-1.10876414483244,-1.55830297208859,-0.827996204028575
"381",0.128644414718237,-0.398399622741899,-1.10876414483244,-1.55830297208859,-0.827996204028575
"382",0.128644414718237,-0.398399622741899,-1.10876414483244,-1.55830297208859,-0.827996204028575
"383",0.358174704551937,-0.0923781731730062,0.0516844803817769,-1.20427225106753,-1.22298943039208
"384",0.358174704551937,-0.0923781731730062,0.0516844803817769,-1.20427225106753,-1.22298943039208
"385",0.358174704551937,-0.0923781731730062,0.0516844803817769,-1.20427225106753,-1.22298943039208
"386",0.300792132093512,-0.148561798679795,-0.190075649871184,-1.32228249140788,-1.13004984771832
"387",0.186026987176662,-0.324285052924433,-0.818651988528884,-1.49929785191841,-0.920935786702341
"388",0.186026987176662,-0.324285052924433,-0.818651988528884,-1.49929785191841,-0.920935786702341
"389",0.186026987176662,-0.324285052924433,-0.818651988528884,-1.49929785191841,-0.920935786702341
"390",-0.961624461991835,0.726468283681258,1.06707702744421,-0.732231289706111,-0.804761308360133
"391",-0.961624461991835,0.726468283681258,1.06707702744421,-0.732231289706111,-0.804761308360133
"392",-0.961624461991835,0.726468283681258,1.06707702744421,-0.732231289706111,-0.804761308360133
"393",-0.961624461991835,0.726468283681258,1.06707702744421,-0.732231289706111,-0.804761308360133
"394",-0.961624461991835,0.726468283681258,1.06707702744421,-0.732231289706111,-0.804761308360133
"395",-0.961624461991835,0.726468283681258,1.06707702744421,-0.732231289706111,-0.804761308360133
"396",-0.961624461991835,0.726468283681258,1.06707702744421,-0.732231289706111,-0.804761308360133
"397",-0.961624461991835,0.726468283681258,1.06707702744421,-0.732231289706111,-0.804761308360133
"398",-0.961624461991835,0.726468283681258,1.06707702744421,-0.732231289706111,-0.804761308360133
"399",-0.961624461991835,0.726468283681258,1.06707702744421,-0.732231289706111,-0.804761308360133
"400",-0.961624461991835,0.726468283681258,1.06707702744421,-0.732231289706111,-0.804761308360133
"401",-0.961624461991835,0.726468283681258,1.06707702744421,-0.732231289706111,-0.804761308360133
"402",-0.961624461991835,0.726468283681258,1.06707702744421,-0.732231289706111,-0.804761308360133
"403",-0.961624461991835,0.726468283681258,1.06707702744421,-0.732231289706111,-0.804761308360133
"404",-0.961624461991835,0.726468283681258,1.06707702744421,-0.732231289706111,-0.804761308360133
"405",-0.961624461991835,0.726468283681258,1.06707702744421,-0.732231289706111,-0.804761308360133
"406",-0.961624461991835,0.726468283681258,1.06707702744421,-0.732231289706111,-0.804761308360133
"407",-0.961624461991835,0.726468283681258,1.06707702744421,-0.732231289706111,-0.804761308360133
"408",-0.961624461991835,0.726468283681258,1.06707702744421,-0.732231289706111,-0.804761308360133
"409",-0.961624461991835,0.726468283681258,1.06707702744421,-0.732231289706111,-0.804761308360133
"410",-0.961624461991835,0.726468283681258,1.06707702744421,-0.732231289706111,-0.804761308360133
"411",-0.961624461991835,0.726468283681258,1.06707702744421,-0.732231289706111,-0.804761308360133
"412",-0.961624461991835,0.726468283681258,1.06707702744421,-0.732231289706111,-0.804761308360133
"413",-0.90424188953341,0.737226850267664,1.11542905349481,-0.791236409876288,-0.827996204028575
"414",-0.90424188953341,0.737226850267664,1.11542905349481,-0.791236409876288,-0.827996204028575
"415",-0.961624461991835,0.726468283681258,1.06707702744421,-0.732231289706111,-0.804761308360133
"416",-0.90424188953341,0.737226850267664,1.11542905349481,-0.791236409876288,-0.827996204028575
"417",-0.90424188953341,0.737226850267664,1.11542905349481,-0.791236409876288,-0.827996204028575
"418",-0.90424188953341,0.737226850267664,1.11542905349481,-0.791236409876288,-0.827996204028575
"419",-0.90424188953341,0.737226850267664,1.11542905349481,-0.791236409876288,-0.827996204028575
"420",-0.90424188953341,0.737226850267664,1.11542905349481,-0.791236409876288,-0.827996204028575
"421",-0.90424188953341,0.737226850267664,1.11542905349481,-0.791236409876288,-0.827996204028575
"422",-0.90424188953341,0.737226850267664,1.11542905349481,-0.791236409876288,-0.827996204028575
"423",-0.90424188953341,0.737226850267664,1.11542905349481,-0.791236409876288,-0.827996204028575
"424",-0.961624461991835,0.726468283681258,1.06707702744421,-0.732231289706111,-0.804761308360133
"425",-0.90424188953341,0.737226850267664,1.11542905349481,-0.791236409876288,-0.827996204028575
"426",-0.846859317074985,0.849594101281242,1.35718918374777,-0.791236409876288,-0.897700891033899
"427",-0.846859317074985,0.849594101281242,1.35718918374777,-0.791236409876288,-0.897700891033899
"428",-0.846859317074985,0.849594101281242,1.35718918374777,-0.791236409876288,-0.897700891033899
"429",-0.846859317074985,0.849594101281242,1.35718918374777,-0.791236409876288,-0.897700891033899
"430",0.702470139302486,-0.401985811604034,-1.44722832718658,-1.027256890557,-0.247123812317534
"431",0.702470139302486,-0.401985811604034,-1.44722832718658,-1.027256890557,-0.247123812317534
"432",0.702470139302486,-0.401985811604034,-1.44722832718658,-1.027256890557,-0.247123812317534
"433",0.702470139302486,-0.401985811604034,-1.44722832718658,-1.027256890557,-0.247123812317534
"434",0.702470139302486,-0.401985811604034,-1.44722832718658,-1.027256890557,-0.247123812317534
"435",0.702470139302486,-0.401985811604034,-1.44722832718658,-1.027256890557,-0.247123812317534
"436",0.645087566844061,-0.428284529926361,-1.54393237928777,-1.027256890557,-0.223888916649093
"437",0.645087566844061,-0.428284529926361,-1.54393237928777,-1.027256890557,-0.223888916649093
"438",0.645087566844061,-0.428284529926361,-1.54393237928777,-1.027256890557,-0.223888916649093
"439",0.702470139302486,-0.401985811604034,-1.44722832718658,-1.027256890557,-0.247123812317534
"440",0.702470139302486,-0.401985811604034,-1.44722832718658,-1.027256890557,-0.247123812317534
"441",0.702470139302486,-0.401985811604034,-1.44722832718658,-1.027256890557,-0.247123812317534
"442",0.702470139302486,-0.401985811604034,-1.44722832718658,-1.027256890557,-0.247123812317534
"443",0.702470139302486,-0.401985811604034,-1.44722832718658,-1.027256890557,-0.247123812317534
"444",0.702470139302486,-0.401985811604034,-1.44722832718658,-1.027256890557,-0.247123812317534
"445",0.702470139302486,-0.401985811604034,-1.44722832718658,-1.027256890557,-0.247123812317534
"446",0.817235284219336,-0.325480449211811,-1.15711617088303,-0.968251770386819,-0.316828499322859
"447",0.817235284219336,-0.325480449211811,-1.15711617088303,-0.968251770386819,-0.316828499322859
"448",0.817235284219336,-0.325480449211811,-1.15711617088303,-0.968251770386819,-0.316828499322859
"449",0.817235284219336,-0.325480449211811,-1.15711617088303,-0.968251770386819,-0.316828499322859
"450",0.817235284219336,-0.325480449211811,-1.15711617088303,-0.968251770386819,-0.316828499322859
"451",0.87461785667776,-0.289618560590457,-0.915356040630068,-0.968251770386819,-0.386533186328184
"452",0.87461785667776,-0.289618560590457,-0.915356040630068,-0.968251770386819,-0.386533186328184
"453",0.87461785667776,-0.289618560590457,-0.915356040630068,-0.968251770386819,-0.386533186328184
"454",0.87461785667776,-0.289618560590457,-0.915356040630068,-0.968251770386819,-0.386533186328184
"455",0.87461785667776,-0.289618560590457,-0.915356040630068,-0.968251770386819,-0.386533186328184
"456",0.817235284219336,-0.286032371728321,-0.96370806668066,-1.027256890557,-0.386533186328184
"457",0.817235284219336,-0.286032371728321,-0.96370806668066,-1.027256890557,-0.386533186328184
"458",0.817235284219336,-0.286032371728321,-0.96370806668066,-1.027256890557,-0.386533186328184
"459",0.817235284219336,-0.286032371728321,-0.96370806668066,-1.027256890557,-0.386533186328184
"460",0.817235284219336,-0.286032371728321,-0.96370806668066,-1.027256890557,-0.386533186328184
"461",0.87461785667776,-0.233434935083668,-0.721947936427699,-1.027256890557,-0.502707664670392
"462",0.87461785667776,-0.233434935083668,-0.721947936427699,-1.027256890557,-0.502707664670392
"463",0.817235284219336,-0.268101427417644,-0.96370806668066,-1.027256890557,-0.386533186328184
"464",0.817235284219336,-0.268101427417644,-0.96370806668066,-1.027256890557,-0.386533186328184
"465",0.817235284219336,-0.268101427417644,-0.96370806668066,-1.027256890557,-0.386533186328184
"466",0.87461785667776,-0.25495206825648,-0.867004014579476,-1.027256890557,-0.386533186328184
"467",0.87461785667776,-0.25495206825648,-0.867004014579476,-1.027256890557,-0.386533186328184
"468",0.87461785667776,-0.252561275681723,-0.770299962478291,-1.027256890557,-0.47947276900195
"469",0.932000429136185,-0.188009876163285,-0.52853983222533,-1.08626201072717,-0.595647247344159
"470",0.932000429136185,-0.188009876163285,-0.52853983222533,-1.08626201072717,-0.595647247344159
"471",0.932000429136185,-0.188009876163285,-0.52853983222533,-1.08626201072717,-0.595647247344159
"472",0.932000429136185,-0.188009876163285,-0.52853983222533,-1.08626201072717,-0.595647247344159
"473",0.932000429136185,-0.0971597583225201,-0.0450195717194076,-1.027256890557,-0.781526412691691
"474",0.932000429136185,-0.0971597583225201,-0.0450195717194076,-1.027256890557,-0.781526412691691
"475",0.932000429136185,-0.0971597583225201,-0.0450195717194076,-1.027256890557,-0.781526412691691
"476",0.932000429136185,-0.0971597583225201,-0.0450195717194076,-1.027256890557,-0.781526412691691
"477",0.932000429136185,-0.0971597583225201,-0.0450195717194076,-1.027256890557,-0.781526412691691
"478",0.932000429136185,-0.0971597583225201,-0.0450195717194076,-1.027256890557,-0.781526412691691
"479",0.0138792698013876,0.542377255424971,1.11542905349481,-1.2632773712377,-1.33916390873429
"480",0.0138792698013876,0.542377255424971,1.11542905349481,-1.2632773712377,-1.33916390873429
"481",0.0138792698013876,0.542377255424971,1.11542905349481,-1.2632773712377,-1.33916390873429
"482",0.0138792698013876,0.542377255424971,1.11542905349481,-1.2632773712377,-1.33916390873429
"483",0.0138792698013876,0.542377255424971,1.11542905349481,-1.2632773712377,-1.33916390873429
"484",0.0138792698013876,0.542377255424971,1.11542905349481,-1.2632773712377,-1.33916390873429
"485",0.0138792698013876,0.542377255424971,1.11542905349481,-1.2632773712377,-1.33916390873429
"486",0.0138792698013876,0.542377255424971,1.11542905349481,-1.2632773712377,-1.33916390873429
"487",0.0138792698013876,0.542377255424971,1.11542905349481,-1.2632773712377,-1.33916390873429
"488",0.0138792698013876,0.542377255424971,1.11542905349481,-1.2632773712377,-1.33916390873429
"489",0.0138792698013876,0.542377255424971,1.11542905349481,-1.2632773712377,-1.33916390873429
"490",0.0138792698013876,0.542377255424971,1.11542905349481,-1.2632773712377,-1.33916390873429
"491",0.0138792698013876,0.542377255424971,1.11542905349481,-1.2632773712377,-1.33916390873429
"492",0.0138792698013876,0.542377255424971,1.11542905349481,-1.2632773712377,-1.33916390873429
"493",0.0138792698013876,0.542377255424971,1.11542905349481,-1.2632773712377,-1.33916390873429
"494",0.0138792698013876,0.542377255424971,1.11542905349481,-1.2632773712377,-1.33916390873429
"495",0.0138792698013876,0.542377255424971,1.11542905349481,-1.2632773712377,-1.33916390873429
"496",0.0138792698013876,0.542377255424971,1.11542905349481,-1.2632773712377,-1.33916390873429
"497",0.0138792698013876,0.542377255424971,1.11542905349481,-1.2632773712377,-1.33916390873429
"498",0.0138792698013876,0.542377255424971,1.11542905349481,-1.2632773712377,-1.33916390873429
"499",0.0138792698013876,0.542377255424971,1.11542905349481,-1.2632773712377,-1.33916390873429
"500",0.0138792698013876,0.542377255424971,1.11542905349481,-1.2632773712377,-1.33916390873429
"501",0.0138792698013876,0.542377255424971,1.11542905349481,-1.2632773712377,-1.33916390873429
"502",0.0138792698013876,0.542377255424971,1.11542905349481,-1.2632773712377,-1.33916390873429
"503",0.0138792698013876,0.542377255424971,1.11542905349481,-1.2632773712377,-1.33916390873429
"504",0.0138792698013876,0.542377255424971,1.11542905349481,-1.2632773712377,-1.33916390873429
"505",0.0138792698013876,0.542377255424971,1.11542905349481,-1.2632773712377,-1.33916390873429
"506",0.0138792698013876,0.542377255424971,1.11542905349481,-1.2632773712377,-1.33916390873429
"507",0.0138792698013876,0.542377255424971,1.11542905349481,-1.2632773712377,-1.33916390873429
"508",0.0138792698013876,0.542377255424971,1.11542905349481,-1.2632773712377,-1.33916390873429
"509",0.0138792698013876,0.542377255424971,1.11542905349481,-1.2632773712377,-1.33916390873429
"510",0.0138792698013876,0.542377255424971,1.11542905349481,-1.2632773712377,-1.33916390873429
"511",0.0138792698013876,0.542377255424971,1.11542905349481,-1.2632773712377,-1.33916390873429
"512",0.0138792698013876,0.542377255424971,1.11542905349481,-1.2632773712377,-1.33916390873429
"513",0.0138792698013876,0.542377255424971,1.11542905349481,-1.2632773712377,-1.33916390873429
"514",0.0138792698013876,0.542377255424971,1.11542905349481,-1.2632773712377,-1.33916390873429
"515",0.0138792698013876,0.542377255424971,1.11542905349481,-1.2632773712377,-1.33916390873429
"516",0.0138792698013876,0.542377255424971,1.11542905349481,-1.2632773712377,-1.33916390873429
"517",0.0138792698013876,0.496952196504588,1.01872500139362,-1.2632773712377,-1.31592901306585
"518",0.0138792698013876,0.496952196504588,1.01872500139362,-1.2632773712377,-1.31592901306585
"519",0.0138792698013876,0.496952196504588,1.01872500139362,-1.2632773712377,-1.31592901306585
"520",0.0138792698013876,0.496952196504588,1.01872500139362,-1.2632773712377,-1.31592901306585
"521",0.0138792698013876,0.496952196504588,1.01872500139362,-1.2632773712377,-1.31592901306585
"522",0.0138792698013876,0.496952196504588,1.01872500139362,-1.2632773712377,-1.31592901306585
"523",0.0138792698013876,0.496952196504588,1.01872500139362,-1.2632773712377,-1.31592901306585
"524",-0.100885875115462,0.683434017335632,1.35718918374777,-1.14526713089735,-1.40886859573961
"525",-0.100885875115462,0.683434017335632,1.35718918374777,-1.14526713089735,-1.40886859573961
"526",-0.100885875115462,0.683434017335632,1.35718918374777,-1.14526713089735,-1.40886859573961
"527",-0.158268447573887,0.532814085125943,0.438500688786515,-1.2632773712377,-1.1765196390552
"528",-0.158268447573887,0.532814085125943,0.438500688786515,-1.2632773712377,-1.1765196390552
"529",-0.158268447573887,0.532814085125943,0.438500688786515,-1.2632773712377,-1.1765196390552
"530",-0.158268447573887,0.532814085125943,0.438500688786515,-1.2632773712377,-1.1765196390552
"531",-0.158268447573887,0.532814085125943,0.438500688786515,-1.2632773712377,-1.1765196390552
"532",-0.158268447573887,0.532814085125943,0.438500688786515,-1.2632773712377,-1.1765196390552
"533",-0.158268447573887,0.532814085125943,0.438500688786515,-1.2632773712377,-1.1765196390552
"534",-0.158268447573887,0.505319970516238,0.34179663668533,-1.20427225106753,-1.1765196390552
"535",-0.158268447573887,0.505319970516238,0.34179663668533,-1.20427225106753,-1.1765196390552
"536",-0.158268447573887,0.505319970516238,0.34179663668533,-1.20427225106753,-1.1765196390552
"537",-0.158268447573887,0.505319970516238,0.34179663668533,-1.20427225106753,-1.1765196390552
"538",-0.158268447573887,0.505319970516238,0.34179663668533,-1.20427225106753,-1.1765196390552
"539",-0.158268447573887,0.505319970516238,0.34179663668533,-1.20427225106753,-1.1765196390552
"540",-0.158268447573887,0.505319970516238,0.34179663668533,-1.20427225106753,-1.1765196390552
"541",-0.158268447573887,0.505319970516238,0.34179663668533,-1.20427225106753,-1.1765196390552
"542",-0.158268447573887,0.505319970516238,0.34179663668533,-1.20427225106753,-1.1765196390552
"543",-0.158268447573887,0.505319970516238,0.34179663668533,-1.20427225106753,-1.1765196390552
"544",-0.158268447573887,0.505319970516238,0.34179663668533,-1.20427225106753,-1.1765196390552
"545",-0.158268447573887,0.505319970516238,0.34179663668533,-1.20427225106753,-1.1765196390552
"546",-0.158268447573887,0.505319970516238,0.34179663668533,-1.20427225106753,-1.1765196390552
"547",-0.158268447573887,0.505319970516238,0.34179663668533,-1.20427225106753,-1.1765196390552
"548",-0.158268447573887,0.505319970516238,0.34179663668533,-1.20427225106753,-1.1765196390552
"549",-0.158268447573887,0.505319970516238,0.34179663668533,-1.20427225106753,-1.1765196390552
"550",-0.158268447573887,0.505319970516238,0.34179663668533,-1.20427225106753,-1.1765196390552
"551",-0.158268447573887,0.505319970516238,0.34179663668533,-1.20427225106753,-1.1765196390552
"552",-0.158268447573887,0.565089784885162,0.486852714837107,-1.2632773712377,-1.1765196390552
"553",-0.158268447573887,0.565089784885162,0.486852714837107,-1.2632773712377,-1.1765196390552
"554",-0.158268447573887,0.565089784885162,0.486852714837107,-1.2632773712377,-1.1765196390552
"555",-0.158268447573887,0.565089784885162,0.486852714837107,-1.2632773712377,-1.1765196390552
"556",-0.215651020032312,0.514883140815266,0.34179663668533,-1.20427225106753,-1.15328474338676
"557",-0.158268447573887,0.565089784885162,0.486852714837107,-1.2632773712377,-1.1765196390552
"558",-0.158268447573887,0.565089784885162,0.486852714837107,-1.2632773712377,-1.1765196390552
"559",-0.158268447573887,0.565089784885162,0.486852714837107,-1.2632773712377,-1.1765196390552
"560",-0.158268447573887,0.565089784885162,0.486852714837107,-1.2632773712377,-1.1765196390552
"561",-0.158268447573887,0.565089784885162,0.486852714837107,-1.2632773712377,-1.1765196390552
"562",-0.445181309866011,0.560308199735648,0.00333245433118466,-1.2632773712377,-0.920935786702341
"563",-0.617329027241286,0.419251437824987,-0.383483754073553,-1.2632773712377,-0.75829151702325
"564",-0.732094172158136,0.379803360341496,-0.480187806174738,-1.2632773712377,-0.711821725686367
"565",-0.732094172158136,0.379803360341496,-0.480187806174738,-1.2632773712377,-0.711821725686367
"566",-0.732094172158136,0.379803360341496,-0.480187806174738,-1.2632773712377,-0.711821725686367
"567",-0.732094172158136,0.379803360341496,-0.480187806174738,-1.2632773712377,-0.711821725686367
"568",-0.732094172158136,0.379803360341496,-0.480187806174738,-1.2632773712377,-0.711821725686367
"569",-0.617329027241286,0.419251437824987,-0.383483754073553,-1.2632773712377,-0.75829151702325
"570",-0.330416164949162,0.605733258656031,0.245092584584146,-1.2632773712377,-1.01387536937611
"571",0.128644414718237,0.584216125483218,-0.673595910377107,-0.968251770386819,-0.874465995365458
"572",0.128644414718237,0.623664202966708,-0.576891858275922,-0.909246650216642,-0.897700891033899
"573",0.128644414718237,0.623664202966708,-0.576891858275922,-0.909246650216642,-0.897700891033899
"574",0.128644414718237,0.623664202966708,-0.576891858275922,-0.909246650216642,-0.897700891033899
"575",0.128644414718237,0.623664202966708,-0.576891858275922,-0.909246650216642,-0.897700891033899
"576",-0.0435033026570373,0.764720964877369,-0.238427675921777,-0.850241530046465,-0.897700891033899
"577",-0.0435033026570373,0.764720964877369,-0.238427675921777,-0.850241530046465,-0.897700891033899
"578",-0.0435033026570373,0.764720964877369,-0.238427675921777,-0.850241530046465,-0.897700891033899
"579",-0.0435033026570373,0.764720964877369,-0.238427675921777,-0.850241530046465,-0.897700891033899
"580",-0.0435033026570373,0.764720964877369,-0.238427675921777,-0.850241530046465,-0.897700891033899
"581",-0.846859317074985,1.24407487611614,0.535204740887699,-0.437205688855226,-0.874465995365458
"582",-0.846859317074985,1.24407487611614,0.535204740887699,-0.437205688855226,-0.874465995365458
"583",-0.90424188953341,1.26678740557633,0.583556766938292,-0.437205688855226,-0.874465995365458
"584",-1.13377217936711,1.18310966545984,0.535204740887699,-0.496210809025403,-0.827996204028575
"585",-1.13377217936711,1.18310966545984,0.535204740887699,-0.496210809025403,-0.827996204028575
"586",-1.59283275903451,0.995432448341418,0.922020949292437,-0.496210809025403,-0.874465995365458
"587",-0.78947674461656,-0.00391884790699808,-1.64063643138895,-1.2632773712377,-0.549177456007275
"588",-1.59283275903451,0.995432448341418,0.922020949292437,-0.496210809025403,-0.874465995365458
"589",0.0138792698013876,1.00858180750258,-1.30217224903481,-1.2632773712377,-0.456237873333509
"590",0.0138792698013876,1.00858180750258,-1.30217224903481,-1.2632773712377,-0.456237873333509
"591",0.128644414718237,1.03488052582491,-1.3505242750854,-1.2632773712377,-0.47947276900195
"592",0.128644414718237,1.03727131839966,-1.39887630113599,-1.2632773712377,-0.433002977665067
"593",0.128644414718237,1.03727131839966,-1.39887630113599,-1.2632773712377,-0.433002977665067
"594",0.128644414718237,1.03727131839966,-1.39887630113599,-1.2632773712377,-0.433002977665067
"595",0.186026987176662,1.03129433696277,-1.49558035323718,-1.2632773712377,-0.456237873333509
"596",0.186026987176662,1.03129433696277,-1.49558035323718,-1.2632773712377,-0.456237873333509
"597",0.186026987176662,1.03129433696277,-1.49558035323718,-1.2632773712377,-0.456237873333509
"598",0.186026987176662,1.03129433696277,-1.49558035323718,-1.2632773712377,-0.456237873333509
"599",0.186026987176662,1.03129433696277,-1.49558035323718,-1.2632773712377,-0.456237873333509
"600",0.186026987176662,0.994237052054039,-1.39887630113599,-1.2632773712377,-0.456237873333509
"601",0.186026987176662,0.994237052054039,-1.39887630113599,-1.2632773712377,-0.456237873333509
"602",0.186026987176662,0.994237052054039,-1.39887630113599,-1.2632773712377,-0.456237873333509
"603",0.128644414718237,1.01694958151423,-1.3505242750854,-1.20427225106753,-0.47947276900195
"604",0.128644414718237,1.01694958151423,-1.3505242750854,-1.20427225106753,-0.47947276900195
"605",0.128644414718237,1.01694958151423,-1.3505242750854,-1.20427225106753,-0.47947276900195
"606",0.128644414718237,1.01694958151423,-1.3505242750854,-1.20427225106753,-0.47947276900195
"607",0.128644414718237,1.01694958151423,-1.3505242750854,-1.20427225106753,-0.47947276900195
"608",0.128644414718237,1.01694958151423,-1.3505242750854,-1.20427225106753,-0.47947276900195
"609",0.128644414718237,1.01694958151423,-1.3505242750854,-1.20427225106753,-0.47947276900195
"610",0.128644414718237,1.01694958151423,-1.3505242750854,-1.20427225106753,-0.47947276900195
"611",0.0138792698013876,1.26678740557633,-2.02745263979369,-0.968251770386819,-0.293593603654418
"612",0.0138792698013876,1.26678740557633,-2.02745263979369,-0.968251770386819,-0.293593603654418
"613",0.0138792698013876,1.26678740557633,-2.02745263979369,-0.968251770386819,-0.293593603654418
"614",0.0138792698013876,1.28113216102488,-1.9791006137431,-0.968251770386819,-0.293593603654418
"615",0.0138792698013876,1.26678740557633,-2.02745263979369,-0.968251770386819,-0.293593603654418
"616",0.0138792698013876,1.26678740557633,-2.02745263979369,-0.968251770386819,-0.293593603654418
"617",0.0138792698013876,1.23690249839187,-2.07580466584428,-0.850241530046465,-0.270358707985976
"618",0.0138792698013876,1.23690249839187,-2.07580466584428,-0.850241530046465,-0.270358707985976
"619",0.0138792698013876,1.23690249839187,-2.07580466584428,-0.850241530046465,-0.270358707985976
"620",0.0138792698013876,1.23690249839187,-2.07580466584428,-0.850241530046465,-0.270358707985976
"621",0.0138792698013876,1.23690249839187,-2.07580466584428,-0.850241530046465,-0.270358707985976
"622",-0.100885875115462,1.13409841767732,-2.31756479609724,-0.791236409876288,-0.200654020980651
"623",-0.158268447573887,1.05998384785986,-2.36591682214784,-0.732231289706111,-0.177419125312209
"624",-0.158268447573887,1.05998384785986,-2.36591682214784,-0.732231289706111,-0.177419125312209
"625",-0.158268447573887,1.05998384785986,-2.36591682214784,-0.732231289706111,-0.177419125312209
"626",-0.158268447573887,1.05998384785986,-2.36591682214784,-0.732231289706111,-0.177419125312209
"627",-0.158268447573887,1.05998384785986,-2.36591682214784,-0.732231289706111,-0.177419125312209
"628",-0.158268447573887,1.05998384785986,-2.36591682214784,-0.732231289706111,-0.177419125312209
"629",-0.158268447573887,1.05998384785986,-2.36591682214784,-0.732231289706111,-0.177419125312209
"630",-0.100885875115462,0.924904067386087,-2.70438100450198,-0.732231289706111,-0.0380097513015598
"631",-0.100885875115462,0.921317878523951,-2.65602897845139,-0.732231289706111,-0.0612446469700014
"632",-0.100885875115462,0.967938333731712,-2.6076769524008,-0.732231289706111,-0.0612446469700014
"633",-0.617329027241286,0.334378301421114,-0.721947936427699,1.50996327676062,-0.456237873333509
"634",-0.559946454782861,0.36904479375509,-0.721947936427699,1.27394279607991,-0.456237873333509
"635",-0.617329027241286,0.334378301421114,-0.721947936427699,1.50996327676062,-0.456237873333509
"636",-0.445181309866011,0.200493917234723,-0.480187806174738,1.74598375744132,-0.363298290659742
"637",-0.445181309866011,0.200493917234723,-0.480187806174738,1.74598375744132,-0.363298290659742
"638",-0.445181309866011,0.200493917234723,-0.480187806174738,1.74598375744132,-0.363298290659742
"639",-0.445181309866011,0.178976784061911,-0.52853983222533,1.74598375744132,-0.363298290659742
"640",-0.330416164949162,0.0976898365201734,-0.576891858275922,1.68697863727115,-0.363298290659742
"641",-0.387798737407586,0.182562972924046,-0.52853983222533,1.68697863727115,-0.363298290659742
"642",-0.387798737407586,0.182562972924046,-0.52853983222533,1.68697863727115,-0.363298290659742
"643",-0.387798737407586,0.182562972924046,-0.52853983222533,1.68697863727115,-0.363298290659742
"644",-0.387798737407586,0.182562972924046,-0.52853983222533,1.68697863727115,-0.363298290659742
"645",-0.387798737407586,0.182562972924046,-0.52853983222533,1.68697863727115,-0.363298290659742
"646",-0.387798737407586,0.182562972924046,-0.52853983222533,1.68697863727115,-0.363298290659742
"647",-0.445181309866011,0.140724102865799,-0.673595910377107,1.56896839693079,-0.270358707985976
"648",-0.273033592490737,0.126379347417257,-0.52853983222533,1.74598375744132,-0.340063394991301
"649",-0.273033592490737,0.126379347417257,-0.52853983222533,1.74598375744132,-0.340063394991301
"650",-0.273033592490737,0.126379347417257,-0.52853983222533,1.74598375744132,-0.340063394991301
"651",-0.273033592490737,0.126379347417257,-0.52853983222533,1.74598375744132,-0.340063394991301
"652",-0.445181309866011,0.140724102865799,-0.673595910377107,1.56896839693079,-0.270358707985976
"653",-0.445181309866011,0.140724102865799,-0.673595910377107,1.56896839693079,-0.270358707985976
"654",-0.445181309866011,0.140724102865799,-0.673595910377107,1.56896839693079,-0.270358707985976
"655",-0.330416164949162,0.153873462026962,-0.52853983222533,1.74598375744132,-0.340063394991301
"656",-0.387798737407586,0.200493917234723,-0.480187806174738,1.68697863727115,-0.363298290659742
"657",-0.387798737407586,0.200493917234723,-0.480187806174738,1.68697863727115,-0.363298290659742
"658",-0.387798737407586,0.200493917234723,-0.480187806174738,1.68697863727115,-0.363298290659742
"659",-0.387798737407586,0.200493917234723,-0.480187806174738,1.68697863727115,-0.363298290659742
"660",-0.445181309866011,0.231574220706564,-0.480187806174738,1.68697863727115,-0.363298290659742
"661",-0.445181309866011,0.231574220706564,-0.480187806174738,1.68697863727115,-0.363298290659742
"662",-0.445181309866011,0.231574220706564,-0.480187806174738,1.68697863727115,-0.363298290659742
"663",-0.445181309866011,0.231574220706564,-0.480187806174738,1.68697863727115,-0.363298290659742
"664",-0.445181309866011,0.195712332085209,-0.480187806174738,1.68697863727115,-0.363298290659742
"665",-0.445181309866011,0.217229465258022,-0.480187806174738,1.68697863727115,-0.363298290659742
"666",-0.445181309866011,0.217229465258022,-0.480187806174738,1.68697863727115,-0.363298290659742
"667",-0.445181309866011,0.217229465258022,-0.480187806174738,1.68697863727115,-0.363298290659742
"668",-0.445181309866011,0.217229465258022,-0.480187806174738,1.68697863727115,-0.363298290659742
"669",-0.445181309866011,0.199298520947345,-0.480187806174738,1.68697863727115,-0.363298290659742
"670",-0.445181309866011,0.184953765498803,-0.480187806174738,1.68697863727115,-0.363298290659742
"671",-0.502563882324436,0.201689313522102,-0.431835780124146,1.68697863727115,-0.363298290659742
"672",-0.502563882324436,0.201689313522102,-0.431835780124146,1.68697863727115,-0.363298290659742
"673",-0.502563882324436,0.201689313522102,-0.431835780124146,1.68697863727115,-0.363298290659742
"674",0.128644414718237,0.878283612178326,-1.39887630113599,-0.142180088004341,-0.851231099697016
"675",0.186026987176662,0.928490256248222,-1.3505242750854,-0.142180088004341,-0.851231099697016
"676",0.128644414718237,0.952398181995792,-1.30217224903481,-0.201185208174518,-0.851231099697016
"677",0.0138792698013876,1.05400686642296,-1.20546819693362,-0.319195448514872,-0.874465995365458
"678",0.0138792698013876,1.05400686642296,-1.20546819693362,-0.319195448514872,-0.874465995365458
"679",0.0138792698013876,1.05400686642296,-1.20546819693362,-0.319195448514872,-0.874465995365458
"680",0.0138792698013876,1.03727131839966,-1.30217224903481,-0.378200568685049,-0.827996204028575
"681",-0.100885875115462,1.09823652905597,-1.15711617088303,-0.496210809025403,-0.874465995365458
"682",-0.100885875115462,1.09823652905597,-1.15711617088303,-0.496210809025403,-0.874465995365458
"683",0.0138792698013876,0.993041655766661,-1.64063643138895,-0.496210809025403,-0.75829151702325
"684",0.0138792698013876,0.993041655766661,-1.64063643138895,-0.496210809025403,-0.75829151702325
"685",-0.0435033026570373,1.09943192534335,-1.25382022298421,-0.496210809025403,-0.851231099697016
"686",-0.0435033026570373,1.09943192534335,-1.25382022298421,-0.496210809025403,-0.851231099697016
"687",-0.100885875115462,1.19745442090838,-1.10876414483244,-0.496210809025403,-0.874465995365458
"688",-0.158268447573887,1.19864981719576,-1.10876414483244,-0.55521592919558,-0.874465995365458
"689",-0.100885875115462,1.21179917635692,-1.10876414483244,-0.55521592919558,-0.897700891033899
"690",-0.100885875115462,1.21179917635692,-1.10876414483244,-0.55521592919558,-0.897700891033899
"691",-0.100885875115462,1.25244265012779,-1.06041211878184,-0.55521592919558,-0.897700891033899
"692",-0.100885875115462,1.25244265012779,-1.06041211878184,-0.55521592919558,-0.897700891033899
"693",-0.100885875115462,1.25244265012779,-1.06041211878184,-0.55521592919558,-0.897700891033899
"694",-0.100885875115462,1.25961502785206,-1.01206009273125,-0.55521592919558,-0.897700891033899
"695",-0.100885875115462,1.25961502785206,-1.01206009273125,-0.55521592919558,-0.897700891033899
"696",-0.100885875115462,1.24527027240352,-1.01206009273125,-0.673226169535934,-0.897700891033899
"697",-0.100885875115462,1.24527027240352,-1.01206009273125,-0.673226169535934,-0.897700891033899
"698",-0.100885875115462,1.30145389791031,-0.96370806668066,-0.55521592919558,-0.897700891033899
"699",-0.100885875115462,1.30145389791031,-0.96370806668066,-0.55521592919558,-0.897700891033899
"700",-0.100885875115462,1.31460325707147,-0.96370806668066,-0.55521592919558,-0.897700891033899
"701",-0.100885875115462,1.31460325707147,-0.96370806668066,-0.55521592919558,-0.897700891033899
"702",-0.100885875115462,1.37556846772778,-0.915356040630068,-0.55521592919558,-0.920935786702341
"703",-0.0435033026570373,1.36002831599186,-0.915356040630068,-0.673226169535934,-0.920935786702341
"704",-0.387798737407586,1.21658076150644,-0.0933715977699998,0.270855753186898,-1.52504307408182
"705",-0.387798737407586,1.21658076150644,-0.0933715977699998,0.270855753186898,-1.52504307408182
"706",-0.387798737407586,1.21658076150644,-0.0933715977699998,0.270855753186898,-1.52504307408182
"707",-0.387798737407586,1.21658076150644,-0.0933715977699998,0.270855753186898,-1.52504307408182
"708",-0.387798737407586,1.19864981719576,-0.0450195717194076,0.329860873357075,-1.59474776108715
"709",-0.387798737407586,1.19864981719576,-0.0450195717194076,0.329860873357075,-1.59474776108715
"710",-1.82236304886821,1.36720069371613,-0.431835780124146,0.565881354037783,0.751976701425455
"711",-1.70759790395136,0.365458604892955,-1.15711617088303,0.860906954888668,0.984325658109871
"712",-1.70759790395136,0.395343512077417,-1.15711617088303,0.860906954888668,0.984325658109871
"713",-1.70759790395136,0.395343512077417,-1.15711617088303,0.860906954888668,0.984325658109871
"714",-1.70759790395136,0.365458604892955,-1.15711617088303,0.860906954888668,0.984325658109871
"715",-1.70759790395136,0.395343512077417,-1.15711617088303,0.860906954888668,0.984325658109871
"716",-1.70759790395136,0.395343512077417,-1.15711617088303,0.860906954888668,0.984325658109871
"717",-1.70759790395136,0.395343512077417,-1.15711617088303,0.860906954888668,0.984325658109871
"718",-1.70759790395136,0.365458604892955,-1.15711617088303,0.860906954888668,0.984325658109871
"719",-1.82236304886821,1.36720069371613,-0.431835780124146,0.565881354037783,0.751976701425455
"720",-1.82236304886821,1.36720069371613,-0.431835780124146,0.565881354037783,0.751976701425455
"721",-1.82236304886821,1.36720069371613,-0.431835780124146,0.565881354037783,0.751976701425455
"722",-1.82236304886821,1.36720069371613,-0.431835780124146,0.565881354037783,0.751976701425455
"723",-1.82236304886821,1.36720069371613,-0.431835780124146,0.565881354037783,0.751976701425455
"724",-1.82236304886821,1.36720069371613,-0.431835780124146,0.565881354037783,0.751976701425455
"725",-1.82236304886821,1.36720069371613,-0.431835780124146,0.565881354037783,0.751976701425455
"726",-1.82236304886821,1.36720069371613,-0.431835780124146,0.565881354037783,0.751976701425455
"727",-1.82236304886821,1.36720069371613,-0.431835780124146,0.565881354037783,0.751976701425455
"728",-1.82236304886821,1.36720069371613,-0.431835780124146,0.565881354037783,0.751976701425455
"729",-1.82236304886821,1.36720069371613,-0.431835780124146,0.565881354037783,0.751976701425455
"730",-1.82236304886821,1.36720069371613,-0.431835780124146,0.565881354037783,0.751976701425455
"731",-1.82236304886821,1.36720069371613,-0.431835780124146,0.565881354037783,0.751976701425455
"732",-1.82236304886821,1.36720069371613,-0.431835780124146,0.565881354037783,0.751976701425455
"733",-1.70759790395136,1.03129433696277,-1.01206009273125,0.62488647420796,1.03079544944675
"734",-1.70759790395136,1.03129433696277,-1.01206009273125,0.62488647420796,1.03079544944675
"735",-1.70759790395136,1.03129433696277,-1.01206009273125,0.62488647420796,1.03079544944675
"736",-1.70759790395136,1.03129433696277,-1.01206009273125,0.62488647420796,1.03079544944675
"737",-1.70759790395136,1.03129433696277,-1.01206009273125,0.62488647420796,1.03079544944675
"738",-1.70759790395136,1.03129433696277,-1.01206009273125,0.62488647420796,1.03079544944675
"739",-1.70759790395136,1.03129433696277,-1.01206009273125,0.62488647420796,1.03079544944675
"740",-1.70759790395136,1.03129433696277,-1.01206009273125,0.62488647420796,1.03079544944675
"741",-1.70759790395136,1.04802988498607,-0.96370806668066,0.62488647420796,1.00756055377831
"742",-1.70759790395136,1.03129433696277,-1.01206009273125,0.62488647420796,1.03079544944675
"743",-1.70759790395136,1.03129433696277,-1.01206009273125,0.62488647420796,1.03079544944675
"744",-1.70759790395136,1.03129433696277,-1.01206009273125,0.62488647420796,1.03079544944675
"745",-1.70759790395136,1.03129433696277,-1.01206009273125,0.62488647420796,1.03079544944675
"746",-1.70759790395136,1.03129433696277,-1.01206009273125,0.62488647420796,1.03079544944675
"747",-1.70759790395136,1.03129433696277,-1.01206009273125,0.62488647420796,1.03079544944675
"748",-1.70759790395136,1.03129433696277,-1.01206009273125,0.62488647420796,1.03079544944675
"749",-1.70759790395136,1.03129433696277,-1.01206009273125,0.62488647420796,1.03079544944675
"750",-1.82236304886821,1.36720069371613,-0.431835780124146,0.565881354037783,0.751976701425455
"751",-1.82236304886821,1.36720069371613,-0.431835780124146,0.565881354037783,0.751976701425455
"752",-1.82236304886821,1.36720069371613,-0.431835780124146,0.565881354037783,0.751976701425455
"753",-1.82236304886821,1.36720069371613,-0.431835780124146,0.565881354037783,0.751976701425455
"754",-1.82236304886821,1.36720069371613,-0.431835780124146,0.565881354037783,0.751976701425455
"755",-1.82236304886821,1.36720069371613,-0.431835780124146,0.565881354037783,0.751976701425455
"756",-1.82236304886821,1.36720069371613,-0.431835780124146,0.565881354037783,0.751976701425455
"757",-1.82236304886821,1.36720069371613,-0.431835780124146,0.565881354037783,0.751976701425455
"758",-1.82236304886821,1.36720069371613,-0.431835780124146,0.565881354037783,0.751976701425455
"759",-1.82236304886821,1.36720069371613,-0.431835780124146,0.565881354037783,0.751976701425455
"760",-1.82236304886821,1.3743730714404,-0.431835780124146,0.565881354037783,0.751976701425455
"761",-1.82236304886821,1.36720069371613,-0.431835780124146,0.565881354037783,0.751976701425455
"762",-1.82236304886821,1.36720069371613,-0.431835780124146,0.565881354037783,0.751976701425455
"763",-1.82236304886821,1.36720069371613,-0.431835780124146,0.565881354037783,0.751976701425455
"764",-1.82236304886821,1.36720069371613,-0.431835780124146,0.565881354037783,0.751976701425455
"765",-1.82236304886821,1.36720069371613,-0.431835780124146,0.565881354037783,0.751976701425455
"766",-1.82236304886821,1.36720069371613,-0.431835780124146,0.565881354037783,0.751976701425455
"767",-1.82236304886821,1.36720069371613,-0.431835780124146,0.565881354037783,0.751976701425455
"768",-1.82236304886821,1.36720069371613,-0.431835780124146,0.565881354037783,0.751976701425455
"769",-1.82236304886821,1.36720069371613,-0.431835780124146,0.565881354037783,0.751976701425455
