,MAT,TDiurnRng,Isotherm,TSeas,TMaxWrmM,TMinCM,TAnnRng,AveTWetQtr,AveTDQtr,AveTWrmQtr,AveTCQtr,MAP,PWetM,PDryM,PSeas,PWetQtr,PDryQtr,PWrmQtr,PColdQtr
ML10,134,136,44,6337,295,-9,304,209,163,216,56,601,108,9,59,271,44,230,157
ML12,134,136,44,6337,295,-9,304,209,163,216,56,601,108,9,59,271,44,230,157
ML4,134,136,44,6337,295,-9,304,209,163,216,56,601,108,9,59,271,44,230,157
ML5,134,136,44,6337,295,-9,304,209,163,216,56,601,108,9,59,271,44,230,157
ML6,134,136,44,6337,295,-9,304,209,163,216,56,601,108,9,59,271,44,230,157
ML7,134,136,44,6337,295,-9,304,209,163,216,56,601,108,9,59,271,44,230,157
ML8,134,136,44,6337,295,-9,304,209,163,216,56,601,108,9,59,271,44,230,157
ML9,134,136,44,6337,295,-9,304,209,163,216,56,601,108,9,59,271,44,230,157
SEN8,127,161,46,7002,315,-35,350,214,155,220,42,559,87,11,48,209,49,172,167
SEN10,127,161,46,7002,315,-35,350,214,155,220,42,559,87,11,48,209,49,172,167
THB10,114,164,46,6981,303,-49,352,201,141,207,29,519,87,11,49,207,49,174,147
YC6,107,158,45,6903,294,-50,344,193,134,199,24,604,91,13,44,222,61,186,173
GC2,116,162,46,6993,304,-47,351,204,143,209,31,532,88,11,49,210,49,176,152
GC4,116,162,46,6993,304,-47,351,204,143,209,31,532,88,11,49,210,49,176,152
GC8,116,162,46,6993,304,-47,351,204,143,209,31,532,88,11,49,210,49,176,152
SHW13,116,162,46,6993,304,-47,351,204,143,209,31,532,88,11,49,210,49,176,152
SHW14,116,162,46,6993,304,-47,351,204,143,209,31,532,88,11,49,210,49,176,152
SHW1X,116,162,46,6993,304,-47,351,204,143,209,31,532,88,11,49,210,49,176,152
SHW4X,116,162,46,6993,304,-47,351,204,143,209,31,532,88,11,49,210,49,176,152
PHWS1,118,162,45,7149,311,-46,357,207,147,212,30,549,68,11,36,176,63,141,160
PHWS3,118,162,45,7149,311,-46,357,207,147,212,30,549,68,11,36,176,63,141,160
PHWS4,118,162,45,7149,311,-46,357,207,147,212,30,549,68,11,36,176,63,141,160
AZPW1,119,161,45,7143,312,-43,355,208,149,214,32,555,68,11,36,177,63,141,163
AZPW2,119,161,45,7143,312,-43,355,208,149,214,32,555,68,11,36,177,63,141,163
AZPW3,119,161,45,7143,312,-43,355,208,149,214,32,555,68,11,36,177,63,141,163
AZPW4,119,161,45,7143,312,-43,355,208,149,214,32,555,68,11,36,177,63,141,163
AZPW5,119,161,45,7143,312,-43,355,208,149,214,32,555,68,11,36,177,63,141,163
AZPW6,118,162,45,7149,311,-46,357,207,147,212,30,549,68,11,36,176,63,141,160
AZPW7,118,162,45,7149,311,-46,357,207,147,212,30,549,68,11,36,176,63,141,160
AZPW8,118,162,45,7149,311,-46,357,207,147,212,30,549,68,11,36,176,63,141,160
AZPW9,118,162,45,7149,311,-46,357,207,147,212,30,549,68,11,36,176,63,141,160
AZPW10,118,162,45,7149,311,-46,357,207,147,212,30,549,68,11,36,176,63,141,160
AZPW11,118,162,45,7149,311,-46,357,207,147,212,30,549,68,11,36,176,63,141,160
AZPW12,118,162,45,7149,311,-46,357,207,147,212,30,549,68,11,36,176,63,141,160
AZPW13,118,162,45,7149,311,-46,357,207,147,212,30,549,68,11,36,176,63,141,160
AZPW14,118,162,45,7149,311,-46,357,207,147,212,30,549,68,11,36,176,63,141,160
AZPW15,118,162,45,7149,311,-46,357,207,147,212,30,549,68,11,36,176,63,141,160
AZPW16,118,162,45,7149,311,-46,357,207,147,212,30,549,68,11,36,176,63,141,160
AZPW17,91,164,45,7131,286,-74,360,181,119,185,4,560,74,12,38,191,63,155,159
AZPW18,91,164,45,7131,286,-74,360,181,119,185,4,560,74,12,38,191,63,155,159
AZPW19,91,164,45,7131,286,-74,360,181,119,185,4,560,74,12,38,191,63,155,159
AZPW20,91,164,45,7131,286,-74,360,181,119,185,4,560,74,12,38,191,63,155,159
AZPW21,91,164,45,7131,286,-74,360,181,119,185,4,560,74,12,38,191,63,155,159
AZPW22,91,164,45,7131,286,-74,360,181,119,185,4,560,74,12,38,191,63,155,159
AZPW23,91,164,45,7131,286,-74,360,181,119,185,4,560,74,12,38,191,63,155,159
AZPW24,91,164,45,7131,286,-74,360,181,119,185,4,560,74,12,38,191,63,155,159
AZPW25,96,163,45,7133,291,-69,360,185,124,190,8,555,73,12,37,188,63,152,158
AZPW26,96,163,45,7133,291,-69,360,185,124,190,8,555,73,12,37,188,63,152,158
AZPW27,96,163,45,7133,291,-69,360,185,124,190,8,555,73,12,37,188,63,152,158
AZPW28,96,163,45,7133,291,-69,360,185,124,190,8,555,73,12,37,188,63,152,158
AZPW29,96,163,45,7133,291,-69,360,185,124,190,8,555,73,12,37,188,63,152,158
AZPW30,96,163,45,7133,291,-69,360,185,124,190,8,555,73,12,37,188,63,152,158
AZPW31,96,163,45,7133,291,-69,360,185,124,190,8,555,73,12,37,188,63,152,158
AZPW32,96,163,45,7133,291,-69,360,185,124,190,8,555,73,12,37,188,63,152,158
AZPW33,96,163,45,7133,291,-69,360,185,124,190,8,555,73,12,37,188,63,152,158
AZPW34,96,163,45,7133,291,-69,360,185,124,190,8,555,73,12,37,188,63,152,158
AZPW35,96,163,45,7133,291,-69,360,185,124,190,8,555,73,12,37,188,63,152,158
AZPW36,96,163,45,7133,291,-69,360,185,124,190,8,555,73,12,37,188,63,152,158
AZPW37,96,163,45,7133,291,-69,360,185,124,190,8,555,73,12,37,188,63,152,158
AZPW38,96,163,45,7133,291,-69,360,185,124,190,8,555,73,12,37,188,63,152,158
AZPW39,96,163,45,7133,291,-69,360,185,124,190,8,555,73,12,37,188,63,152,158
AZPW40,96,163,45,7133,291,-69,360,185,124,190,8,555,73,12,37,188,63,152,158
AZPW41,96,163,45,7133,291,-69,360,185,124,190,8,555,73,12,37,188,63,152,158
AZPW42,96,163,45,7128,291,-68,359,186,125,190,9,557,73,12,37,189,63,153,158
AZPW43,96,163,45,7128,291,-68,359,186,125,190,9,557,73,12,37,189,63,153,158
AZPW44,96,163,45,7128,291,-68,359,186,125,190,9,557,73,12,37,189,63,153,158
AL27,80,160,44,7200,275,-86,361,171,110,176,-8,543,75,12,39,195,60,158,149
AL28,80,160,44,7200,275,-86,361,171,110,176,-8,543,75,12,39,195,60,158,149
AL98,80,160,44,7200,275,-86,361,171,110,176,-8,543,75,12,39,195,60,158,149
CSNL6,86,161,44,7261,283,-79,362,177,117,182,-3,441,63,12,37,157,56,131,118
CSNL7,86,161,44,7261,283,-79,362,177,117,182,-3,441,63,12,37,157,56,131,118
CSNL8,86,161,44,7261,283,-79,362,177,117,182,-3,441,63,12,37,157,56,131,118
AZWW2,93,158,44,7101,284,-71,355,182,122,188,6,620,86,12,41,219,62,178,177
AZWW7,92,158,44,7102,283,-71,354,181,121,187,6,620,86,12,41,219,62,178,177
JC2,102,164,44,7504,299,-72,371,195,134,201,9,474,71,10,43,182,49,147,122
JC3,102,164,43,7527,301,-72,373,196,134,202,9,467,70,10,43,179,48,145,120
JC4,102,164,43,7527,301,-72,373,196,134,202,9,467,70,10,43,179,48,145,120
JC6,102,164,44,7504,299,-72,371,195,134,201,9,474,71,10,43,182,49,147,122
JC7,102,164,44,7504,299,-72,371,195,134,201,9,474,71,10,43,182,49,147,122
JC8,102,164,44,7504,299,-72,371,195,134,201,9,474,71,10,43,182,49,147,122
JC9,102,164,44,7504,299,-72,371,195,134,201,9,474,71,10,43,182,49,147,122
JC11,102,164,44,7504,299,-72,371,195,134,201,9,474,71,10,43,182,49,147,122
JC12,102,164,44,7504,299,-72,371,195,134,201,9,474,71,10,43,182,49,147,122
JC13,102,164,44,7504,299,-72,371,195,134,201,9,474,71,10,43,182,49,147,122
AZCH1,86,153,43,7208,274,-80,354,176,115,181,-3,562,86,11,46,222,55,181,144
AZCH3,86,153,43,7208,274,-80,354,176,115,181,-3,562,86,11,46,222,55,181,144
AZCH4,86,153,43,7208,274,-80,354,176,115,181,-3,562,86,11,46,222,55,181,144
AZCH5,86,153,43,7208,274,-80,354,176,115,181,-3,562,86,11,46,222,55,181,144
CHV1,98,167,44,7455,295,-79,374,191,129,196,5,453,73,10,48,187,45,152,109
CHV2,98,167,44,7455,295,-79,374,191,129,196,5,453,73,10,48,187,45,152,109
CHV3,98,167,44,7455,295,-79,374,191,129,196,5,453,73,10,48,187,45,152,109
CHV4,99,168,44,7461,297,-78,375,192,131,198,7,452,73,10,48,187,45,152,108
CHV6,99,168,44,7461,297,-78,375,192,131,198,7,452,73,10,48,187,45,152,108
CHV7,99,168,44,7461,297,-78,375,192,131,198,7,452,73,10,48,187,45,152,108
ABC1X,86,165,45,7047,278,-84,362,175,115,179,0,568,89,12,47,229,53,187,146
ABC2X,85,164,45,7016,276,-84,360,173,114,178,-1,571,89,12,47,230,53,187,147
ABC3,84,162,45,7020,273,-84,357,172,112,177,-2,583,90,12,47,233,54,190,151
ABC5,84,162,45,7020,273,-84,357,172,112,177,-2,583,90,12,47,233,54,190,151
ABC7,84,162,45,7020,273,-84,357,172,112,177,-2,583,90,12,47,233,54,190,151
ABC9,84,163,45,7010,273,-84,357,172,113,177,-2,580,90,12,47,233,54,190,150
ABC11,84,163,45,7010,273,-84,357,172,113,177,-2,580,90,12,47,233,54,190,150
ABC13,84,163,45,7010,273,-84,357,172,113,177,-2,580,90,12,47,233,54,190,150
ABC14,86,165,45,7047,278,-84,362,175,115,179,0,568,89,12,47,229,53,187,146
ABC15,86,165,45,7047,278,-84,362,175,115,179,0,568,89,12,47,229,53,187,146
ABC16,86,165,45,7047,278,-84,362,175,115,179,0,568,89,12,47,229,53,187,146
ABC17,86,165,45,7047,278,-84,362,175,115,179,0,568,89,12,47,229,53,187,146
ABC18,86,165,45,7047,278,-84,362,175,115,179,0,568,89,12,47,229,53,187,146
ABC19,86,165,45,7047,278,-84,362,175,115,179,0,568,89,12,47,229,53,187,146
ABC21,87,166,45,7044,279,-83,362,175,116,180,0,557,87,12,47,226,52,184,143
ABC22,87,166,45,7044,279,-83,362,175,116,180,0,557,87,12,47,226,52,184,143
ABC23,87,166,45,7044,279,-83,362,175,116,180,0,557,87,12,47,226,52,184,143
ABC24,88,167,45,7060,280,-84,364,177,116,181,1,549,86,12,48,223,51,182,140
ABC25,88,167,45,7060,280,-84,364,177,116,181,1,549,86,12,48,223,51,182,140
ABC26,89,168,45,7112,282,-84,366,178,118,183,1,544,86,12,47,222,51,181,137
ABC27,90,170,46,7121,285,-84,369,180,119,184,2,533,85,11,48,219,49,178,134
ABC28,90,170,46,7119,285,-84,369,179,119,184,2,529,84,11,48,217,49,176,133
ABC29,92,172,46,7134,287,-83,370,182,121,186,4,519,83,11,48,213,49,173,129
ABC30,92,172,46,7134,287,-83,370,182,121,186,4,519,83,11,48,213,49,173,129
ABC31,92,172,46,7134,287,-83,370,182,121,186,4,519,83,11,48,213,49,173,129
ABC32,92,172,46,7134,287,-83,370,182,121,186,4,519,83,11,48,213,49,173,129
ABC33,92,172,46,7134,287,-83,370,182,121,186,4,519,83,11,48,213,49,173,129
ABC34,92,172,46,7134,287,-83,370,182,121,186,4,519,83,11,48,213,49,173,129
ABC35,92,172,46,7134,287,-83,370,182,121,186,4,515,82,11,48,212,48,172,129
ABC36,92,172,46,7134,287,-83,370,182,121,186,4,515,82,11,48,212,48,172,129
ABC37,90,171,46,7131,285,-84,369,180,120,184,2,522,83,11,48,215,49,174,130
ABC38,90,171,46,7131,285,-84,369,180,120,184,2,522,83,11,48,215,49,174,130
ABC39,90,171,46,7131,285,-84,369,180,120,184,2,522,83,11,48,215,49,174,130
ABC40,90,171,46,7131,285,-84,369,180,120,184,2,522,83,11,48,215,49,174,130
ABC42,92,172,46,7134,287,-83,370,182,121,186,4,515,82,11,48,212,48,172,129
BR6,89,205,52,6839,288,-99,387,174,118,179,4,439,84,12,63,217,42,181,86
BR8,89,205,52,6839,288,-99,387,174,118,179,4,439,84,12,63,217,42,181,86
BR11,90,206,53,6841,290,-98,388,175,119,180,5,436,84,12,63,215,42,180,86
BR12,90,206,53,6841,290,-98,388,175,119,180,5,436,84,12,63,215,42,180,86
BR15,90,206,53,6842,291,-97,388,176,119,181,6,438,84,12,63,216,42,180,86
BR16,83,204,52,6766,282,-103,385,168,112,172,-1,443,87,13,64,221,45,186,84
BR18,83,204,52,6766,282,-103,385,168,112,172,-1,443,87,13,64,221,45,186,84
BR19,83,204,52,6766,282,-103,385,168,112,172,-1,443,87,13,64,221,45,186,84
BR20,83,204,52,6766,282,-103,385,168,112,172,-1,443,87,13,64,221,45,186,84
BR21,83,204,52,6766,282,-103,385,168,112,172,-1,443,87,13,64,221,45,186,84
BR28,83,204,52,6766,282,-103,385,168,112,172,-1,443,87,13,64,221,45,186,84
BR30,83,204,52,6766,282,-103,385,168,112,172,-1,443,87,13,64,221,45,186,84
BR31,83,204,52,6766,282,-103,385,168,112,172,-1,443,87,13,64,221,45,186,84
BR33,83,204,52,6766,282,-103,385,168,112,172,-1,443,87,13,64,221,45,186,84
BR34,83,204,52,6766,282,-103,385,168,112,172,-1,443,87,13,64,221,45,186,84
BR35,83,204,52,6766,282,-103,385,168,112,172,-1,443,87,13,64,221,45,186,84
BR37,84,204,53,6759,282,-102,384,168,113,172,0,446,87,13,63,222,45,187,85
BR39,84,204,53,6759,282,-102,384,168,113,172,0,446,87,13,63,222,45,187,85
BR41,84,204,53,6759,282,-102,384,168,113,172,0,446,87,13,63,222,45,187,85
BR42,84,204,53,6759,282,-102,384,168,113,172,0,446,87,13,63,222,45,187,85
BR45,84,204,53,6759,282,-102,384,168,113,172,0,446,87,13,63,222,45,187,85
BR46,84,204,53,6759,282,-102,384,168,113,172,0,446,87,13,63,222,45,187,85
BR47,84,204,53,6759,282,-102,384,168,113,172,0,446,87,13,63,222,45,187,85
BR48,84,204,53,6759,282,-102,384,168,113,172,0,446,87,13,63,222,45,187,85
BR49,84,204,53,6759,282,-102,384,168,113,172,0,446,87,13,63,222,45,187,85
BR50,84,204,53,6759,282,-102,384,168,113,172,0,446,87,13,63,222,45,187,85
BR51,84,204,53,6759,282,-102,384,168,113,172,0,446,87,13,63,222,45,187,85
BR54,84,204,53,6759,282,-102,384,168,113,172,0,446,87,13,63,222,45,187,85
BR55,84,204,53,6759,282,-102,384,168,113,172,0,446,87,13,63,222,45,187,85
BR56,84,204,53,6759,282,-102,384,168,113,172,0,446,87,13,63,222,45,187,85
BR58,84,204,53,6759,282,-102,384,168,113,172,0,446,87,13,63,222,45,187,85
BR59,84,204,53,6759,282,-102,384,168,113,172,0,446,87,13,63,222,45,187,85
BR60,84,204,53,6759,282,-102,384,168,113,172,0,446,87,13,63,222,45,187,85
BR61,84,204,53,6759,282,-102,384,168,113,172,0,446,87,13,63,222,45,187,85
BR64,89,205,52,6839,288,-99,387,174,118,179,4,439,84,12,63,217,42,181,86
BR65,89,205,52,6839,288,-99,387,174,118,179,4,439,84,12,63,217,42,181,86
BR66,89,205,52,6839,288,-99,387,174,118,179,4,439,84,12,63,217,42,181,86
BR67,89,205,52,6839,288,-99,387,174,118,179,4,439,84,12,63,217,42,181,86
BR68,89,205,52,6839,288,-99,387,174,118,179,4,439,84,12,63,217,42,181,86
BR70,89,205,52,6839,288,-99,387,174,118,179,4,439,84,12,63,217,42,181,86
BR72,89,205,52,6839,288,-99,387,174,118,179,4,439,84,12,63,217,42,181,86
BR73,89,205,52,6839,288,-99,387,174,118,179,4,439,84,12,63,217,42,181,86
BR75,89,205,52,6839,288,-99,387,174,118,179,4,439,84,12,63,217,42,181,86
BR76,89,205,52,6839,288,-99,387,174,118,179,4,439,84,12,63,217,42,181,86
BR77,89,205,52,6839,288,-99,387,174,118,179,4,439,84,12,63,217,42,181,86
BR102,91,206,52,6843,292,-97,389,177,121,181,6,438,83,12,62,215,42,179,87
BR104,89,206,53,6831,289,-99,388,174,118,179,4,438,84,12,63,216,42,180,86
BR105,91,206,52,6843,292,-97,389,177,121,181,6,438,83,12,62,215,42,179,87
BR106,91,206,52,6843,292,-97,389,177,121,181,6,438,83,12,62,215,42,179,87
BR107,91,206,52,6843,292,-97,389,177,121,181,6,438,83,12,62,215,42,179,87
BR108,91,206,52,6843,292,-97,389,177,121,181,6,438,83,12,62,215,42,179,87
BR123,86,205,53,6762,284,-101,385,170,115,175,2,446,86,13,62,220,44,185,87
BR124,86,205,53,6762,284,-101,385,170,115,175,2,446,86,13,62,220,44,185,87
QL1,65,195,51,6828,262,-119,381,149,95,155,-20,428,87,14,66,220,46,185,76
QL10,69,198,51,6921,268,-117,385,154,99,160,-18,411,84,14,65,212,45,178,72
QL11,69,198,51,6921,268,-117,385,154,99,160,-18,411,84,14,65,212,45,178,72
QL12,69,198,51,6921,268,-117,385,154,99,160,-18,411,84,14,65,212,45,178,72
QL2,68,198,51,6870,268,-117,385,153,98,158,-18,411,84,14,65,212,45,178,72
QL3,67,197,51,6890,267,-117,384,153,97,158,-19,417,85,14,66,215,45,180,73
QL4,70,199,51,6906,270,-117,387,155,99,161,-17,400,83,13,67,209,42,174,69
QL5,68,197,51,6904,267,-118,385,153,98,159,-19,414,85,14,66,213,45,179,73
QL6,68,197,51,6904,267,-118,385,153,98,159,-19,414,85,14,66,213,45,179,73
QL7,68,198,51,6858,267,-117,384,153,98,158,-18,411,84,14,65,212,45,178,72
QL8,68,198,51,6858,267,-117,384,153,98,158,-18,411,84,14,65,212,45,178,72
QL9,69,198,51,6921,268,-117,385,154,99,160,-18,411,84,14,65,212,45,178,72
IC2,88,204,52,7012,286,-105,391,174,121,180,-1,417,85,10,70,223,41,182,74
IC4,88,204,52,7012,286,-105,391,174,121,180,-1,417,85,10,70,223,41,182,74
IC5,88,204,52,7012,286,-105,391,174,121,180,-1,417,85,10,70,223,41,182,74
IC6,88,204,52,7012,286,-105,391,174,121,180,-1,417,85,10,70,223,41,182,74
IC7,88,204,52,7023,286,-105,391,174,121,180,-1,417,85,10,70,223,41,182,74
IC8,88,204,52,7023,286,-105,391,174,121,180,-1,417,85,10,70,223,41,182,74
IC9,88,204,52,7023,286,-105,391,174,121,180,-1,417,85,10,70,223,41,182,74
LC10,76,206,52,6913,276,-114,390,161,106,167,-11,413,84,12,67,216,42,179,74
LC11,73,204,52,6834,272,-116,388,158,103,163,-13,427,87,12,68,223,43,186,77
LC2,79,207,52,6958,280,-113,393,164,109,170,-9,405,83,11,69,213,41,176,71
LC3,79,207,52,6958,280,-113,393,164,109,170,-9,405,83,11,69,213,41,176,71
LC4,79,207,52,6958,280,-113,393,164,109,170,-9,405,83,11,69,213,41,176,71
LC5,77,206,52,6922,277,-113,390,162,107,168,-10,410,84,11,67,215,41,178,73
LC6,77,206,52,6922,277,-113,390,162,107,168,-10,410,84,11,67,215,41,178,73
LC7,77,206,52,6922,277,-113,390,162,107,168,-10,410,84,11,67,215,41,178,73
LC8,77,206,52,6922,277,-113,390,162,107,168,-10,410,84,11,67,215,41,178,73
LC9,77,206,52,6922,277,-113,390,162,107,168,-10,410,84,11,67,215,41,178,73
BNM1,96,153,41,7842,291,-80,371,190,-2,199,-2,387,69,18,49,174,60,159,60
BNM3,96,153,41,7842,291,-80,371,190,-2,199,-2,387,69,18,49,174,60,159,60
BNM4,102,158,42,7940,299,-77,376,196,2,205,2,356,64,16,51,162,54,147,54
BNM5,102,158,42,7940,299,-77,376,196,2,205,2,356,64,16,51,162,54,147,54
BNM6,102,158,42,7940,299,-77,376,196,2,205,2,356,64,16,51,162,54,147,54
BNM7,102,158,42,7940,299,-77,376,196,2,205,2,356,64,16,51,162,54,147,54
BNM8,102,158,42,7940,299,-77,376,196,2,205,2,356,64,16,51,162,54,147,54
BNM9,103,159,42,7956,301,-77,378,198,2,206,2,351,63,16,50,159,52,145,52
BNM10,103,159,42,7956,301,-77,378,198,2,206,2,351,63,16,50,159,52,145,52
BNM11,103,159,42,7956,301,-77,378,198,2,206,2,351,63,16,50,159,52,145,52
BNM12,101,158,42,7949,299,-77,376,196,2,205,2,360,65,16,50,164,54,150,54
BNM13,106,162,42,8018,306,-76,382,201,5,210,5,335,61,15,52,153,49,139,49
BNM14,106,162,42,8018,306,-76,382,201,5,210,5,335,61,15,52,153,49,139,49
BNM15,106,162,42,8018,306,-76,382,201,5,210,5,335,61,15,52,153,49,139,49
BNM16,106,162,42,8018,306,-76,382,201,5,210,5,335,61,15,52,153,49,139,49
BNM17,106,162,42,8018,306,-76,382,201,5,210,5,335,61,15,52,153,49,139,49
NMRP4,89,176,43,8047,296,-112,408,184,-16,192,-16,325,60,14,51,148,44,138,44
NMRP5,56,171,45,7143,249,-128,377,142,-35,149,-35,497,90,24,51,219,74,214,74
NMRP6,56,171,45,7143,249,-128,377,142,-35,149,-35,497,90,24,51,219,74,214,74
NMRP7,67,174,44,7330,264,-123,387,155,-27,161,-27,444,82,20,52,200,62,195,62
NMRP9,100,182,43,8218,312,-105,417,197,-7,206,-7,281,53,11,55,132,35,121,35
NMRP13,68,180,42,8385,281,-146,427,167,-44,174,-44,321,57,13,50,141,44,135,44
NMRP17,68,180,42,8385,281,-146,427,167,-44,174,-44,321,57,13,50,141,44,135,44
NMRP_U1,68,180,42,8385,281,-146,427,167,-44,174,-44,321,57,13,50,141,44,135,44
NMRR2,33,175,44,7502,234,-160,394,123,-64,129,-64,506,81,26,39,198,82,194,82
NMRR3,38,178,44,7657,241,-160,401,129,-62,135,-62,478,77,24,40,188,77,184,77
NMRR4,52,180,43,8016,261,-156,417,147,-54,153,-54,392,67,18,46,165,58,160,58
NMRR6,58,180,42,8148,268,-152,420,154,-50,161,-50,368,64,16,47,158,53,152,53
NMRR7,58,180,42,8148,268,-152,420,154,-50,161,-50,368,64,16,47,158,53,152,53
NMRR9,68,180,42,8385,281,-146,427,167,-44,174,-44,321,57,13,50,141,44,135,44
NMRR10,68,180,42,8385,281,-146,427,167,-44,174,-44,321,57,13,50,141,44,135,44
NMRR11,68,180,42,8385,281,-146,427,167,-44,174,-44,321,57,13,50,141,44,135,44
MIAA,109,169,38,9228,341,-103,444,177,155,228,-11,294,36,12,26,98,58,73,59
MIAC,109,169,38,9228,341,-103,444,177,155,228,-11,294,36,12,26,98,58,73,59
MIAG,109,169,38,9228,341,-103,444,177,155,228,-11,294,36,12,26,98,58,73,59
MIBE,104,164,37,9086,331,-103,434,171,149,221,-14,308,36,13,25,101,61,78,62
MIBM,111,168,37,9229,342,-102,444,179,156,230,-10,292,35,12,25,95,58,72,59
MIBK,104,164,37,9086,331,-103,434,171,149,221,-14,308,36,13,25,101,61,78,62
51_MIBC,74,171,41,8266,291,-126,417,174,112,181,-33,408,47,21,23,138,83,115,84
56_MIBC,71,170,40,8225,288,-128,416,171,109,177,-35,422,49,22,23,143,86,120,87
60_MIBC,71,170,40,8225,288,-128,416,171,109,177,-35,422,49,22,23,143,86,120,87
67_MIPP,95,167,38,8885,321,-110,431,161,-20,210,-20,315,36,14,26,106,61,83,61
70_MIPP,97,168,38,8909,324,-109,433,164,-19,212,-19,307,36,14,26,104,59,81,59
72_MIPP,97,168,38,8909,324,-109,433,164,-19,212,-19,307,36,14,26,104,59,81,59
88_MI1,109,169,38,9219,340,-103,443,177,155,228,-12,294,36,12,26,98,58,73,59
92_MI1,109,169,38,9219,340,-103,443,177,155,228,-12,294,36,12,26,98,58,73,59
100_MI1,105,167,37,9141,335,-105,440,173,151,223,-14,303,36,12,25,100,60,75,61
6_MI2,104,167,38,9078,332,-105,437,171,148,221,-15,308,37,13,25,102,61,78,62
23_MI2,109,169,38,9185,340,-103,443,176,154,227,-12,294,36,12,26,98,58,73,59
26_MI2,109,169,38,9185,340,-103,443,176,154,227,-12,294,36,12,26,98,58,73,59
33_MI3,105,169,38,9094,334,-105,439,172,149,222,-14,300,36,12,26,100,59,75,60
38_MI3,105,169,38,9094,334,-105,439,172,149,222,-14,300,36,12,26,100,59,75,60
42_MI3,105,169,38,9094,334,-105,439,172,149,222,-14,300,36,12,26,100,59,75,60
46_MI4,104,170,38,9097,334,-106,440,172,149,222,-15,297,36,12,27,100,58,75,59
59_MI4,104,170,38,9075,333,-106,439,171,149,221,-15,297,36,12,27,100,58,75,59
63_MI4,104,170,38,9097,334,-106,440,172,149,222,-15,297,36,12,27,100,58,75,59
76_MIPP,89,167,39,8705,312,-114,426,194,-24,201,-24,332,39,16,26,112,64,91,64
80_MIPP,75,164,39,8395,293,-122,415,177,-33,184,-33,383,44,19,25,129,76,106,76
81_MIPP,93,168,39,8778,317,-112,429,158,-21,206,-21,318,37,15,26,108,61,86,61
89_MISP,72,169,40,8274,290,-126,416,173,-34,180,-34,404,47,21,25,138,81,115,81
94_MISP,72,169,40,8274,290,-126,416,173,-34,180,-34,404,47,21,25,138,81,115,81
98_MISP,73,170,40,8293,291,-126,417,174,112,181,-34,402,47,21,25,137,81,115,81
COAR3,74,179,44,7824,285,-120,405,168,-25,176,-25,271,47,9,50,117,32,113,32
COAR6,76,180,44,7830,288,-118,406,170,-24,178,-24,267,46,9,49,115,32,110,32
COAR7,73,180,44,7803,285,-120,405,167,-26,175,-26,266,46,9,49,115,32,110,32
COAR8,73,180,44,7803,285,-120,405,167,-26,175,-26,266,46,9,49,115,32,110,32
COAR9,73,180,44,7803,285,-120,405,167,-26,175,-26,266,46,9,49,115,32,110,32
COAR12,61,178,43,7926,275,-133,408,157,-39,165,-39,275,48,10,50,120,35,114,35
COAR13,61,178,43,7926,275,-133,408,157,-39,165,-39,275,48,10,50,120,35,114,35
COAR15,61,178,43,7926,275,-133,408,157,-39,165,-39,275,48,10,50,120,35,114,35
COAR18,57,178,43,7955,272,-136,408,153,-43,161,-43,276,49,9,50,122,33,117,33
COAR19,57,178,43,7955,272,-136,408,153,-43,161,-43,276,49,9,50,122,33,117,33
COAR20,57,178,43,7955,272,-136,408,153,-43,161,-43,276,49,9,50,122,33,117,33
COBT9,58,152,42,7227,257,-100,357,131,-29,155,-29,399,58,12,47,162,41,152,41
COBT10,58,152,42,7227,257,-100,357,131,-29,155,-29,399,58,12,47,162,41,152,41
COBT11,58,152,42,7227,257,-100,357,131,-29,155,-29,399,58,12,47,162,41,152,41
COBT12,58,152,42,7227,257,-100,357,131,-29,155,-29,399,58,12,47,162,41,152,41
COBT13,66,154,41,7439,268,-99,367,142,-24,166,-24,392,60,12,48,161,39,146,39
SV9,56,157,43,7275,256,-109,365,129,-32,153,-32,424,58,15,42,162,50,154,50
SV10,56,157,43,7275,256,-109,365,129,-32,153,-32,424,58,15,42,162,50,154,50
SV11,57,157,43,7275,257,-108,365,130,-31,154,-31,423,59,15,42,163,49,154,49
SV12,57,158,43,7293,258,-109,367,131,-31,155,-31,425,59,15,42,163,50,154,50
SV13,63,158,42,7356,264,-104,368,137,-26,161,-26,417,60,14,44,162,47,150,47
SV14,64,158,42,7371,265,-104,369,138,-26,162,-26,418,60,14,44,163,47,151,47
SV15,67,158,42,7423,269,-103,372,142,-23,166,-23,414,61,13,45,163,44,149,44
SV16,67,158,42,7423,269,-103,372,142,-23,166,-23,414,61,13,45,163,44,149,44
SV17,71,158,42,7530,274,-100,374,148,-21,172,-21,413,62,13,44,163,44,146,44
SV20,75,158,42,7569,278,-98,376,151,-18,175,-18,412,63,13,44,162,44,143,44
SV23,75,158,42,7569,278,-98,376,151,-18,175,-18,412,63,13,44,162,44,143,44
SV28,83,158,41,7826,288,-96,384,163,-13,187,-13,411,65,13,44,161,44,136,44
SV31,84,158,41,7848,290,-95,385,120,-13,188,-13,413,66,13,44,162,44,135,44
SV32,84,158,41,7848,290,-95,385,120,-13,188,-13,413,66,13,44,162,44,135,44
SV33,84,158,41,7848,290,-95,385,120,-13,188,-13,413,66,13,44,162,44,135,44
SV34,88,159,40,7985,295,-95,390,125,-11,194,-11,408,66,13,44,161,44,130,44
SV35,88,159,40,7985,295,-95,390,125,-11,194,-11,408,66,13,44,161,44,130,44
SV37,90,159,40,8069,298,-95,393,128,-11,196,-11,404,66,13,45,161,43,128,43
SV38,90,159,40,8069,298,-95,393,128,-11,196,-11,404,66,13,45,161,43,128,43
SV39,85,157,40,7880,291,-95,386,121,-12,189,-12,413,66,13,44,162,44,135,44
SV40,90,160,40,8114,298,-96,394,129,-11,197,-11,402,66,13,45,161,43,128,43
SV41,90,160,40,8114,298,-96,394,129,-11,197,-11,402,66,13,45,161,43,128,43
SV45,90,160,40,8114,298,-96,394,129,-11,197,-11,402,66,13,45,161,43,128,43
SV48,91,160,40,8129,299,-97,396,130,-11,198,-11,402,66,13,45,161,43,128,43
SV50,91,160,40,8129,299,-97,396,130,-11,198,-11,402,66,13,45,161,43,128,43
SV51,91,160,40,8150,301,-97,398,130,-11,198,-11,399,66,12,45,161,42,126,42
SV52,91,160,40,8188,302,-97,399,130,-11,199,-11,398,66,12,46,161,41,126,41
SV53,91,160,40,8170,301,-97,398,130,-11,199,-11,399,66,12,46,161,41,127,41
NP1,83,153,36,8970,316,-99,415,122,-27,203,-27,322,60,11,54,147,36,98,36
NP2,82,153,36,8957,315,-100,415,122,-27,203,-27,323,60,11,54,147,36,98,36
NP3,82,153,36,8957,315,-100,415,122,-27,203,-27,323,60,11,54,147,36,98,36
NP4,82,153,36,8957,315,-100,415,122,-27,203,-27,323,60,11,54,147,36,98,36
NP6,78,152,36,9177,313,-106,419,120,-36,201,-36,298,53,12,48,129,37,84,37
NP8,78,152,36,9168,313,-106,419,120,-36,200,-36,297,53,12,48,129,37,84,37
NP12,78,152,36,9168,313,-106,419,120,-36,200,-36,297,53,12,48,129,37,84,37
NP13,78,152,36,9168,313,-106,419,120,-36,200,-36,297,53,12,48,129,37,84,37
NP14,78,151,35,9250,312,-109,421,120,-38,200,-38,282,51,11,48,122,35,78,35
NP16,72,144,34,9219,302,-110,412,113,-44,194,-44,264,48,10,46,113,33,73,33
NP17,72,144,34,9219,302,-110,412,113,-44,194,-44,264,48,10,46,113,33,73,33
NP19,72,144,34,9219,302,-110,412,113,-44,194,-44,264,48,10,46,113,33,73,33
NP21,72,144,34,9219,302,-110,412,113,-44,194,-44,264,48,10,46,113,33,73,33
NP25,72,144,34,9219,302,-110,412,113,-44,194,-44,264,48,10,46,113,33,73,33
NP26,77,149,35,9356,312,-111,423,120,-41,201,-41,255,47,9,49,111,30,70,30
NP27,78,150,35,9286,312,-109,421,120,-39,201,-39,266,48,10,47,115,33,74,33
NP29,78,150,35,9286,312,-109,421,120,-39,201,-39,266,48,10,47,115,33,74,33
NP30,78,150,35,9286,312,-109,421,120,-39,201,-39,266,48,10,47,115,33,74,33
NP31,78,150,35,9286,312,-109,421,120,-39,201,-39,266,48,10,47,115,33,74,33
NP33,78,150,35,9286,312,-109,421,120,-39,201,-39,266,48,10,47,115,33,74,33
NP36,77,150,35,9264,311,-110,421,119,-39,200,-39,276,50,11,47,119,34,76,34
NP37,77,150,35,9264,311,-110,421,119,-39,200,-39,276,50,11,47,119,34,76,34
NP38,77,150,35,9264,311,-110,421,119,-39,200,-39,276,50,11,47,119,34,76,34
NP39,77,150,35,9264,311,-110,421,119,-39,200,-39,276,50,11,47,119,34,76,34
NP40,77,150,35,9264,311,-110,421,119,-39,200,-39,276,50,11,47,119,34,76,34
NP42,77,151,35,9243,312,-109,421,119,-38,200,-38,282,51,11,48,122,35,78,35
NP65,78,158,37,8954,307,-111,418,117,-31,198,-31,316,60,9,56,145,32,104,32
NP66,77,157,37,8945,306,-111,417,117,-31,197,-31,318,60,9,56,146,32,106,32
NP67,80,157,37,8992,311,-108,419,120,-30,200,-30,316,60,9,56,146,32,103,32
NP75,84,153,36,8995,317,-99,416,124,-26,205,-26,320,60,10,56,148,33,99,33
NP76,84,153,36,8982,317,-99,416,123,-26,204,-26,320,60,10,56,148,33,99,33
NP80,83,154,37,8985,316,-100,416,123,-27,203,-27,321,60,11,54,147,35,98,35
NP83,82,154,36,9015,315,-102,417,122,-29,202,-29,317,59,11,53,144,36,95,36
NP86,81,154,36,9053,314,-103,417,122,-31,201,-31,311,57,11,52,139,36,91,36
NP91,78,152,36,9216,313,-108,421,120,-36,201,-36,293,53,12,48,127,37,82,37
NLX10,77,174,42,8004,306,-105,411,57,-8,186,-18,335,37,21,16,99,69,82,70
NLX14,77,174,42,8004,306,-105,411,57,-8,186,-18,335,37,21,16,99,69,82,70
NLX16,77,174,42,8004,306,-105,411,57,-8,186,-18,335,37,21,16,99,69,82,70
NLX22,81,175,42,8070,311,-102,413,62,-6,191,-15,317,35,19,17,95,63,78,64
NLX31,86,176,42,8196,317,-101,418,67,-4,196,-13,293,32,17,19,88,57,73,57
NLX33,90,177,41,8332,323,-100,423,73,-3,202,-12,270,29,15,20,82,50,68,50
NLX34,90,177,41,8332,323,-100,423,73,-3,202,-12,270,29,15,20,82,50,68,50
NLX35,90,177,41,8332,323,-100,423,73,-3,202,-12,270,29,15,20,82,50,68,50
NSN2,96,178,41,8498,331,-97,428,82,-10,209,-10,235,24,12,22,71,41,61,41
NSN3,96,178,41,8498,331,-97,428,82,-10,209,-10,235,24,12,22,71,41,61,41
NSN10,92,178,41,8380,327,-98,425,77,-11,205,-11,253,26,13,20,76,45,65,45
NSN11,92,178,41,8380,327,-98,425,77,-11,205,-11,253,26,13,20,76,45,65,45
NSN14,91,178,41,8329,325,-99,424,75,-2,203,-11,262,28,14,21,79,48,67,48
NSN16,89,178,42,8294,323,-100,423,73,-2,201,-12,271,29,15,19,82,51,68,51
NSN18,89,178,42,8294,323,-100,423,73,-2,201,-12,271,29,15,19,82,51,68,51
NSN19,89,178,42,8294,323,-100,423,73,-2,201,-12,271,29,15,19,82,51,68,51
NSN22,83,176,42,8088,313,-102,415,63,-5,192,-14,315,35,19,17,95,63,77,63
NSN25,83,176,42,8075,314,-101,415,64,-4,193,-13,310,34,18,18,93,61,77,61
NSN26,83,176,42,8075,314,-101,415,64,-4,193,-13,310,34,18,18,93,61,77,61
NWV5,93,179,41,8373,328,-99,427,78,-2,205,-11,241,25,12,21,73,42,63,42
NWV6,93,179,41,8373,328,-99,427,78,-2,205,-11,241,25,12,21,73,42,63,42
NWV7,93,179,41,8398,329,-99,428,79,-2,205,-11,240,25,12,21,73,42,62,42
NWV10,93,179,41,8398,329,-99,428,79,-2,205,-11,240,25,12,21,73,42,62,42
NSP1,83,178,42,8153,316,-104,420,67,-7,193,-16,275,29,16,18,83,52,70,52
NSP4,83,178,42,8153,316,-104,420,67,-7,193,-16,275,29,16,18,83,52,70,52
XNEC1,54,168,41,7809,278,-124,402,34,-29,159,-40,357,37,26,12,106,80,85,81
XNEC6,54,168,41,7809,278,-124,402,34,-29,159,-40,357,37,26,12,106,80,85,81
XNEC7,54,168,41,7809,278,-124,402,34,-29,159,-40,357,37,26,12,106,80,85,81
XNEC9,54,168,41,7809,278,-124,402,34,-29,159,-40,357,37,26,12,106,80,85,81
XNEC12,54,168,41,7809,278,-124,402,34,-29,159,-40,357,37,26,12,106,80,85,81
NKZ2,75,172,41,8065,305,-106,411,105,-14,183,-23,267,31,17,18,83,52,68,52
NKZ4,75,172,41,8065,305,-106,411,105,-14,183,-23,267,31,17,18,83,52,68,52
NKZ5,75,172,41,8065,305,-106,411,105,-14,183,-23,267,31,17,18,83,52,68,52
NKZ6,70,171,41,8018,299,-110,409,53,-17,178,-27,288,33,19,16,87,58,72,58
NKZ8,59,169,41,7871,284,-119,403,40,-25,165,-36,337,36,24,13,101,74,81,74
NKZ9,59,169,41,7871,284,-119,403,40,-25,165,-36,337,36,24,13,101,74,81,74
NKZ10,59,169,41,7871,284,-119,403,40,-25,165,-36,337,36,24,13,101,74,81,74
UTIC50,89,149,36,8750,306,-97,403,155,130,204,-23,342,39,12,26,111,56,86,84
UTIC51,89,149,36,8750,306,-97,403,155,130,204,-23,342,39,12,26,111,56,86,84
UTIC52,89,149,36,8750,306,-97,403,155,130,204,-23,342,39,12,26,111,56,86,84
UTIC53,89,149,36,8750,306,-97,403,155,130,204,-23,342,39,12,26,111,56,86,84
UTIC54,89,149,36,8750,306,-97,403,155,130,204,-23,342,39,12,26,111,56,86,84
UTIC55,89,149,36,8750,306,-97,403,155,130,204,-23,342,39,12,26,111,56,86,84
UTIC56,89,149,36,8750,306,-97,403,155,130,204,-23,342,39,12,26,111,56,86,84
UTIC57,89,149,36,8750,306,-97,403,155,130,204,-23,342,39,12,26,111,56,86,84
UTIC58,89,149,36,8750,306,-97,403,155,130,204,-23,342,39,12,26,111,56,86,84
UTIC59,89,149,36,8750,306,-97,403,155,130,204,-23,342,39,12,26,111,56,86,84
UTIC60,89,149,36,8750,306,-97,403,155,130,204,-23,342,39,12,26,111,56,86,84
UTIC61,89,149,36,8750,306,-97,403,155,130,204,-23,342,39,12,26,111,56,86,84
UTIC62,89,149,36,8750,306,-97,403,155,130,204,-23,342,39,12,26,111,56,86,84
UTIC63,89,149,36,8750,306,-97,403,155,130,204,-23,342,39,12,26,111,56,86,84
UTIC64,89,149,36,8750,306,-97,403,155,130,204,-23,342,39,12,26,111,56,86,84
UTIC65,89,149,36,8750,306,-97,403,155,130,204,-23,342,39,12,26,111,56,86,84
UTIC66,89,149,36,8750,306,-97,403,155,130,204,-23,342,39,12,26,111,56,86,84
UTIC67,89,149,36,8750,306,-97,403,155,130,204,-23,342,39,12,26,111,56,86,84
UTIC68,89,149,36,8750,306,-97,403,155,130,204,-23,342,39,12,26,111,56,86,84
UTIC69,89,149,36,8750,306,-97,403,155,130,204,-23,342,39,12,26,111,56,86,84
UTIC70,89,149,36,8750,306,-97,403,155,130,204,-23,342,39,12,26,111,56,86,84
UTIC71,89,149,36,8750,306,-97,403,155,130,204,-23,342,39,12,26,111,56,86,84
UTIC72,89,149,36,8750,306,-97,403,155,130,204,-23,342,39,12,26,111,56,86,84
UTIC73,90,150,37,8759,308,-97,405,156,131,205,-22,337,39,12,25,109,55,85,83
UTIC74,90,150,37,8759,308,-97,405,156,131,205,-22,337,39,12,25,109,55,85,83
UTIC75,89,149,36,8750,306,-97,403,155,130,204,-23,342,39,12,26,111,56,86,84
UTIC76,90,150,37,8759,308,-97,405,156,131,205,-22,337,39,12,25,109,55,85,83
UTIC77,90,150,37,8759,308,-97,405,156,131,205,-22,337,39,12,25,109,55,85,83
UTIC78,90,150,37,8759,308,-97,405,156,131,205,-22,337,39,12,25,109,55,85,83
UTIC79,90,150,37,8759,308,-97,405,156,131,205,-22,337,39,12,25,109,55,85,83
UTIC80,90,150,37,8759,308,-97,405,156,131,205,-22,337,39,12,25,109,55,85,83
UTIC81,90,150,37,8759,308,-97,405,156,131,205,-22,337,39,12,25,109,55,85,83
UTIC82,90,150,37,8759,308,-97,405,156,131,205,-22,337,39,12,25,109,55,85,83
UTIC83,90,150,37,8759,308,-97,405,156,131,205,-22,337,39,12,25,109,55,85,83
UTIC84,89,149,36,8750,306,-97,403,155,130,204,-23,342,39,12,26,111,56,86,84
UTIC85,90,150,37,8759,308,-97,405,156,131,205,-22,337,39,12,25,109,55,85,83
UTIC86,94,151,36,8853,314,-95,409,161,136,210,-19,327,37,12,25,106,54,82,80
UTIC87,94,151,36,8853,314,-95,409,161,136,210,-19,327,37,12,25,106,54,82,80
UTIC88,94,151,36,8853,314,-95,409,161,136,210,-19,327,37,12,25,106,54,82,80
UTIC89,94,151,36,8853,314,-95,409,161,136,210,-19,327,37,12,25,106,54,82,80
UTBR1,49,178,43,7806,269,-137,406,-6,126,152,-48,448,53,21,21,130,95,110,108
UTBR2,49,178,43,7806,269,-137,406,-6,126,152,-48,448,53,21,21,130,95,110,108
UTBR3,49,178,43,7806,269,-137,406,-6,126,152,-48,448,53,21,21,130,95,110,108
UTBR4,49,178,43,7806,269,-137,406,-6,126,152,-48,448,53,21,21,130,95,110,108
UTBR5,49,178,43,7806,269,-137,406,-6,126,152,-48,448,53,21,21,130,95,110,108
UTBR6,49,178,43,7806,269,-137,406,-6,126,152,-48,448,53,21,21,130,95,110,108
UTBR7,47,177,43,7784,267,-138,405,-8,77,150,-49,448,53,21,21,129,95,111,108
UTBR8,47,177,43,7784,267,-138,405,-8,77,150,-49,448,53,21,21,129,95,111,108
UTBR9,47,177,43,7784,267,-138,405,-8,77,150,-49,448,53,21,21,129,95,111,108
UTBR10,49,178,43,7806,269,-137,406,-6,126,152,-48,448,53,21,21,130,95,110,108
UTBR11,49,178,43,7806,269,-137,406,-6,126,152,-48,448,53,21,21,130,95,110,108
UTBR12,49,178,43,7806,269,-137,406,-6,126,152,-48,448,53,21,21,130,95,110,108
UTBR14,49,178,43,7806,269,-137,406,-6,126,152,-48,448,53,21,21,130,95,110,108
UTBR15,49,178,43,7806,269,-137,406,-6,126,152,-48,448,53,21,21,130,95,110,108
UTBR16,49,178,43,7806,269,-137,406,-6,126,152,-48,448,53,21,21,130,95,110,108
UTBR17,49,178,43,7806,269,-137,406,-6,126,152,-48,448,53,21,21,130,95,110,108
UTBR18,54,180,43,7870,277,-133,410,0,132,158,-43,443,54,21,22,131,94,107,107
UTBR19,54,180,43,7870,277,-133,410,0,132,158,-43,443,54,21,22,131,94,107,107
UTBR20,54,180,43,7870,277,-133,410,0,132,158,-43,443,54,21,22,131,94,107,107
UTBR21,54,180,43,7870,277,-133,410,0,132,158,-43,443,54,21,22,131,94,107,107
UTBR22,54,180,43,7870,277,-133,410,0,132,158,-43,443,54,21,22,131,94,107,107
UTBR23,58,181,43,7900,282,-130,412,4,136,163,-40,430,52,20,22,127,92,104,103
UTBR24,58,181,43,7900,282,-130,412,4,136,163,-40,430,52,20,22,127,92,104,103
UTBR25,58,181,43,7900,282,-130,412,4,136,163,-40,430,52,20,22,127,92,104,103
UTBR26,58,181,43,7900,282,-130,412,4,136,163,-40,430,52,20,22,127,92,104,103
UTBR27,58,181,43,7900,282,-130,412,4,136,163,-40,430,52,20,22,127,92,104,103
UTBR28,57,180,43,7903,281,-131,412,3,135,162,-41,436,53,20,21,130,92,104,106
UTBR29,57,180,43,7903,281,-131,412,3,135,162,-41,436,53,20,21,130,92,104,106
UTBR30,57,180,43,7903,281,-131,412,3,135,162,-41,436,53,20,21,130,92,104,106
UTBR31,57,180,43,7903,281,-131,412,3,135,162,-41,436,53,20,21,130,92,104,106
UTBR32,57,180,43,7903,281,-131,412,3,135,162,-41,436,53,20,21,130,92,104,106
UTBR33,61,181,43,7947,286,-127,413,7,140,167,-37,403,47,19,21,117,87,99,95
UTBR34,61,181,43,7947,286,-127,413,7,140,167,-37,403,47,19,21,117,87,99,95
UTBR35,57,180,43,7918,281,-131,412,2,135,162,-41,435,53,20,21,130,92,104,105
UTBR36,57,180,43,7918,281,-131,412,2,135,162,-41,435,53,20,21,130,92,104,105
UTBR37,57,180,43,7918,281,-131,412,2,135,162,-41,435,53,20,21,130,92,104,105
UTBR38,59,181,43,7929,283,-129,412,4,137,164,-40,424,51,20,21,125,91,104,101
UTBR39,59,181,43,7929,283,-129,412,4,137,164,-40,424,51,20,21,125,91,104,101
UTBR40,61,181,43,7931,285,-127,412,7,140,166,-37,406,48,19,21,118,88,100,95
UTBR41,65,182,43,7985,291,-123,414,51,145,171,-34,375,43,18,20,108,83,95,86
UTBR42,65,182,43,7985,291,-123,414,51,145,171,-34,375,43,18,20,108,83,95,86
UTBR43,65,182,43,7985,291,-123,414,51,145,171,-34,375,43,18,20,108,83,95,86
UTBR44,65,182,43,7985,291,-123,414,51,145,171,-34,375,43,18,20,108,83,95,86
UTBR45,74,182,43,8061,301,-115,416,175,-17,181,-26,329,40,16,21,100,71,87,71
UTBR46,74,182,43,8061,301,-115,416,175,-17,181,-26,329,40,16,21,100,71,87,71
UTBR47,74,182,43,8061,301,-115,416,175,-17,181,-26,329,40,16,21,100,71,87,71
UTBR48,74,182,43,8061,301,-115,416,175,-17,181,-26,329,40,16,21,100,71,87,71
UTBR49,74,182,43,8061,301,-115,416,175,-17,181,-26,329,40,16,21,100,71,87,71
UTBR50,74,182,43,8061,301,-115,416,175,-17,181,-26,329,40,16,21,100,71,87,71
UTCC1,92,166,40,8596,318,-97,415,80,205,205,-17,313,35,16,17,97,63,63,76
UTCC2,92,166,40,8596,318,-97,415,80,205,205,-17,313,35,16,17,97,63,63,76
UTCC3,92,166,40,8596,318,-97,415,80,205,205,-17,313,35,16,17,97,63,63,76
UTCC4,92,166,40,8596,318,-97,415,80,205,205,-17,313,35,16,17,97,63,63,76
UTCC5,92,166,40,8596,318,-97,415,80,205,205,-17,313,35,16,17,97,63,63,76
UTCC6,92,166,40,8596,318,-97,415,80,205,205,-17,313,35,16,17,97,63,63,76
UTCC7,92,166,40,8596,318,-97,415,80,205,205,-17,313,35,16,17,97,63,63,76
UTCC8,92,166,40,8596,318,-97,415,80,205,205,-17,313,35,16,17,97,63,63,76
UTCC9,92,166,40,8596,318,-97,415,80,205,205,-17,313,35,16,17,97,63,63,76
UTCC10,92,166,40,8596,318,-97,415,80,205,205,-17,313,35,16,17,97,63,63,76
UTCC11,92,166,40,8596,318,-97,415,80,205,205,-17,313,35,16,17,97,63,63,76
UTCC12,92,166,40,8596,318,-97,415,80,205,205,-17,313,35,16,17,97,63,63,76
UTCC13,92,166,40,8596,318,-97,415,80,205,205,-17,313,35,16,17,97,63,63,76
UTCC14,92,166,40,8596,318,-97,415,80,205,205,-17,313,35,16,17,97,63,63,76
UTCC15,92,166,40,8596,318,-97,415,80,205,205,-17,313,35,16,17,97,63,63,76
UTCC16,92,166,40,8596,318,-97,415,80,205,205,-17,313,35,16,17,97,63,63,76
UTCC17,92,166,40,8596,318,-97,415,80,205,205,-17,313,35,16,17,97,63,63,76
UTCC18,92,166,40,8596,318,-97,415,80,205,205,-17,313,35,16,17,97,63,63,76
UTCC19,92,166,40,8596,318,-97,415,80,205,205,-17,313,35,16,17,97,63,63,76
UTCC20,92,166,40,8596,318,-97,415,80,205,205,-17,313,35,16,17,97,63,63,76
UTCC21,92,166,40,8596,318,-97,415,80,205,205,-17,313,35,16,17,97,63,63,76
UTCC22,92,166,40,8596,318,-97,415,80,205,205,-17,313,35,16,17,97,63,63,76
UTCC23,92,166,40,8596,318,-97,415,80,205,205,-17,313,35,16,17,97,63,63,76
UTCC24,92,166,40,8596,318,-97,415,80,205,205,-17,313,35,16,17,97,63,63,76
UTCC25,92,166,40,8596,318,-97,415,80,205,205,-17,313,35,16,17,97,63,63,76
UTCC26,92,166,40,8596,318,-97,415,80,205,205,-17,313,35,16,17,97,63,63,76
UTCC27,92,166,40,8596,318,-97,415,80,205,205,-17,313,35,16,17,97,63,63,76
UTCC28,92,166,40,8596,318,-97,415,80,205,205,-17,313,35,16,17,97,63,63,76
UTCC29,92,166,40,8596,318,-97,415,80,205,205,-17,313,35,16,17,97,63,63,76
UTCC30,92,166,40,8596,318,-97,415,80,205,205,-17,313,35,16,17,97,63,63,76
UTCC31,92,166,40,8596,318,-97,415,80,205,205,-17,313,35,16,17,97,63,63,76
UTCC32,92,166,40,8596,318,-97,415,80,205,205,-17,313,35,16,17,97,63,63,76
UTCC33,92,166,40,8596,318,-97,415,80,205,205,-17,313,35,16,17,97,63,63,76
UTCC34,92,166,40,8596,318,-97,415,80,205,205,-17,313,35,16,17,97,63,63,76
UTCC35,92,166,40,8596,318,-97,415,80,205,205,-17,313,35,16,17,97,63,63,76
UTCC36,92,166,40,8596,318,-97,415,80,205,205,-17,313,35,16,17,97,63,63,76
UTCC37,92,166,40,8596,318,-97,415,80,205,205,-17,313,35,16,17,97,63,63,76
UTCC38,92,166,40,8596,318,-97,415,80,205,205,-17,313,35,16,17,97,63,63,76
UTCC39,90,166,39,8558,316,-100,416,78,203,203,-18,316,35,16,17,98,64,64,77
UTCC40,90,166,39,8558,316,-100,416,78,203,203,-18,316,35,16,17,98,64,64,77
UTCC41,90,166,39,8558,316,-100,416,78,203,203,-18,316,35,16,17,98,64,64,77
UTCC42,90,166,39,8558,316,-100,416,78,203,203,-18,316,35,16,17,98,64,64,77
UTCC43,90,166,39,8558,316,-100,416,78,203,203,-18,316,35,16,17,98,64,64,77
UTCC44,90,166,39,8558,316,-100,416,78,203,203,-18,316,35,16,17,98,64,64,77
UTCC45,90,166,39,8558,316,-100,416,78,203,203,-18,316,35,16,17,98,64,64,77
UTCC46,95,164,39,8714,322,-95,417,83,210,210,-15,313,36,15,19,99,60,60,78
UTCC47,95,164,39,8714,322,-95,417,83,210,210,-15,313,36,15,19,99,60,60,78
UTCC48,95,164,39,8714,322,-95,417,83,210,210,-15,313,36,15,19,99,60,60,78
UTOC01,77,163,39,8588,305,-109,414,63,191,191,-30,368,40,20,17,111,70,70,96
UTOC03,77,163,39,8588,305,-109,414,63,191,191,-30,368,40,20,17,111,70,70,96
UTOC05,77,163,39,8588,305,-109,414,63,191,191,-30,368,40,20,17,111,70,70,96
UTOC07,77,163,39,8588,305,-109,414,63,191,191,-30,368,40,20,17,111,70,70,96
UTOC08,77,163,39,8588,305,-109,414,63,191,191,-30,368,40,20,17,111,70,70,96
UTOC09,77,163,39,8588,305,-109,414,63,191,191,-30,368,40,20,17,111,70,70,96
UTOC10,77,163,39,8588,305,-109,414,63,191,191,-30,368,40,20,17,111,70,70,96
UTOC11,76,163,39,8565,304,-110,414,61,189,189,-31,370,41,20,18,113,70,70,96
UTOC12,76,163,39,8565,304,-110,414,61,189,189,-31,370,41,20,18,113,70,70,96
UTOC13,76,163,39,8565,304,-110,414,61,189,189,-31,370,41,20,18,113,70,70,96
UTOC14,76,163,39,8565,304,-110,414,61,189,189,-31,370,41,20,18,113,70,70,96
UTOC15,76,163,39,8565,304,-110,414,61,189,189,-31,370,41,20,18,113,70,70,96
UTOC16,76,163,39,8565,304,-110,414,61,189,189,-31,370,41,20,18,113,70,70,96
UTOC18,76,163,39,8565,304,-110,414,61,189,189,-31,370,41,20,18,113,70,70,96
UTOC19,76,163,39,8565,304,-110,414,61,189,189,-31,370,41,20,18,113,70,70,96
UTOC20,76,163,39,8565,304,-110,414,61,189,189,-31,370,41,20,18,113,70,70,96
UTOC21,76,163,39,8565,304,-110,414,61,189,189,-31,370,41,20,18,113,70,70,96
UTOC22,76,163,39,8565,304,-110,414,61,189,189,-31,370,41,20,18,113,70,70,96
UTOC23,76,163,39,8565,304,-110,414,61,189,189,-31,370,41,20,18,113,70,70,96
UTOC24,76,163,39,8565,304,-110,414,61,189,189,-31,370,41,20,18,113,70,70,96
UTOC25,76,163,39,8565,304,-110,414,61,189,189,-31,370,41,20,18,113,70,70,96
UTOC26,76,163,39,8565,304,-110,414,61,189,189,-31,370,41,20,18,113,70,70,96
UTOC27,76,163,39,8565,304,-110,414,61,189,189,-31,370,41,20,18,113,70,70,96
UTOC29,76,163,39,8565,304,-110,414,61,189,189,-31,370,41,20,18,113,70,70,96
UTOC30,76,163,39,8565,304,-110,414,61,189,189,-31,370,41,20,18,113,70,70,96
UTOC31,78,163,39,8615,306,-109,415,63,192,192,-30,367,40,20,17,111,70,70,96
UTOC32,78,163,39,8615,306,-109,415,63,192,192,-30,367,40,20,17,111,70,70,96
UTOC33,78,163,39,8615,306,-109,415,63,192,192,-30,367,40,20,17,111,70,70,96
UTOC35,78,163,39,8615,306,-109,415,63,192,192,-30,367,40,20,17,111,70,70,96
UTOC36,75,162,39,8573,303,-110,413,61,189,189,-32,371,41,20,18,113,71,71,96
UTOC37,78,163,39,8615,306,-109,415,63,192,192,-30,367,40,20,17,111,70,70,96
UTOC38,78,163,39,8615,306,-109,415,63,192,192,-30,367,40,20,17,111,70,70,96
UTOC39,78,163,39,8615,306,-109,415,63,192,192,-30,367,40,20,17,111,70,70,96
UTOC40,78,163,39,8615,306,-109,415,63,192,192,-30,367,40,20,17,111,70,70,96
UTOC41,78,163,39,8615,306,-109,415,63,192,192,-30,367,40,20,17,111,70,70,96
UTSC1,70,158,38,8611,295,-116,411,-22,182,182,-41,439,46,24,17,126,81,81,122
UTSC2,63,155,38,8493,285,-120,405,-28,174,174,-45,466,49,26,17,135,88,88,130
UTSC3,61,153,37,8460,282,-121,403,-31,172,172,-47,480,51,26,17,141,90,90,135
UTSC4,61,153,37,8460,282,-121,403,-31,172,172,-47,480,51,26,17,141,90,90,135
UTSC5,61,153,37,8460,282,-121,403,-31,172,172,-47,480,51,26,17,141,90,90,135
UTSC6,61,153,37,8460,282,-121,403,-31,172,172,-47,480,51,26,17,141,90,90,135
UTSC7,61,153,37,8460,282,-121,403,-31,172,172,-47,480,51,26,17,141,90,90,135
UTSC8,63,155,38,8493,285,-120,405,-28,174,174,-45,466,49,26,17,135,88,88,130
UTSC_U1,75,160,38,8649,303,-113,416,-18,187,187,-37,419,44,23,17,119,77,77,115
OR1,57,168,39,8631,290,-135,425,49,168,168,-56,497,53,22,22,151,83,83,132
OR2,59,168,39,8664,292,-134,426,51,170,170,-55,501,54,21,23,152,82,82,135
OR3,59,168,39,8664,292,-134,426,51,170,170,-55,501,54,21,23,152,82,82,135
OR4,59,168,39,8664,292,-134,426,51,170,170,-55,501,54,21,23,152,82,82,135
OR5,59,168,39,8664,292,-134,426,51,170,170,-55,501,54,21,23,152,82,82,135
OR6,64,165,38,8782,299,-130,429,58,177,177,-52,528,57,21,24,162,82,82,147
OR7,64,165,38,8782,299,-130,429,58,177,177,-52,528,57,21,24,162,82,82,147
OR8,64,165,38,8782,299,-130,429,58,177,177,-52,528,57,21,24,162,82,82,147
OR9,64,165,38,8782,299,-130,429,58,177,177,-52,528,57,21,24,162,82,82,147
OR10,64,165,38,8782,299,-130,429,58,177,177,-52,528,57,21,24,162,82,82,147
OR12,76,151,35,9183,307,-119,426,-29,193,193,-46,620,67,20,31,193,83,83,189
OR13,76,151,35,9183,307,-119,426,-29,193,193,-46,620,67,20,31,193,83,83,189
OR14,76,150,35,9202,307,-119,426,-29,194,194,-46,626,68,20,31,196,83,83,192
OR16,75,146,34,9132,305,-115,420,-28,193,193,-44,628,68,21,30,195,85,85,192
OR17,75,146,34,9132,305,-115,420,-28,193,193,-44,628,68,21,30,195,85,85,192
SC13,84,138,34,8975,309,-96,405,74,201,201,-31,598,69,20,30,192,83,83,176
SC18M,41,152,38,8139,257,-134,391,-47,148,148,-60,522,51,31,17,152,97,97,152
SC2M,84,138,34,8975,309,-96,405,74,201,201,-31,598,69,20,30,192,83,83,176
WYSR1,42,166,38,8986,280,-149,429,87,148,155,-77,438,49,26,17,127,94,101,115
WYSR2,42,166,38,8986,280,-149,429,87,148,155,-77,438,49,26,17,127,94,101,115
WYSR3,40,168,38,9008,279,-152,431,85,147,154,-79,439,49,26,17,126,94,100,116
WYSR4,38,168,38,9010,278,-153,431,83,146,153,-80,442,49,27,17,127,95,102,117
WYSR6,38,168,38,9010,278,-153,431,83,146,153,-80,442,49,27,17,127,95,102,117
WYSR7,38,168,38,9010,278,-153,431,83,146,153,-80,442,49,27,17,127,95,102,117
WYSR9,36,169,39,9005,276,-156,432,82,143,151,-82,442,48,27,17,125,95,101,119
WYSR10,36,169,39,9005,276,-156,432,82,143,151,-82,442,48,27,17,125,95,101,119
WYSR11,36,169,39,9005,276,-156,432,82,143,151,-82,442,48,27,17,125,95,101,119
WYSR12,36,169,39,9005,276,-156,432,82,143,151,-82,442,48,27,17,125,95,101,119
WYSR13,36,169,39,9005,276,-156,432,82,143,151,-82,442,48,27,17,125,95,101,119
WYSR14,39,169,39,8974,279,-153,432,83,145,153,-80,433,48,26,17,125,93,101,115
WYSR15,39,169,39,8974,279,-153,432,83,145,153,-80,433,48,26,17,125,93,101,115
WYSR16,39,169,39,8974,279,-153,432,83,145,153,-80,433,48,26,17,125,93,101,115
WYSR17,40,168,38,8993,280,-151,431,86,146,154,-79,430,48,26,18,125,92,100,113
WYSR18,40,168,38,8993,280,-151,431,86,146,154,-79,430,48,26,18,125,92,100,113
WYSR19,40,168,38,8993,280,-151,431,86,146,154,-79,430,48,26,18,125,92,100,113
WYSR20,40,168,38,8993,280,-151,431,86,146,154,-79,430,48,26,18,125,92,100,113
WYSR21,40,168,38,8993,280,-151,431,86,146,154,-79,430,48,26,18,125,92,100,113
WYSR22,40,168,38,8993,280,-151,431,86,146,154,-79,430,48,26,18,125,92,100,113
WYSR23,40,168,38,8993,280,-151,431,86,146,154,-79,430,48,26,18,125,92,100,113
WYSR24,40,168,38,8993,280,-151,431,86,146,154,-79,430,48,26,18,125,92,100,113
WYSR25,24,166,37,9202,263,-174,437,-82,133,140,-97,518,61,29,22,170,99,108,163
WYSR26,24,166,37,9202,263,-174,437,-82,133,140,-97,518,61,29,22,170,99,108,163
WYSR27,24,166,37,9202,263,-174,437,-82,133,140,-97,518,61,29,22,170,99,108,163
WYSR29A,24,166,37,9214,264,-174,438,-81,134,141,-97,513,60,29,22,167,99,108,160
WYSR30,24,166,37,9202,263,-174,437,-82,133,140,-97,518,61,29,22,170,99,108,163
WYSR31,24,166,37,9202,263,-174,437,-82,133,140,-97,518,61,29,22,170,99,108,163
WYSR32,22,166,38,9177,260,-175,435,-82,132,139,-98,535,64,30,24,179,100,109,171
WYSR33,22,166,38,9177,260,-175,435,-82,132,139,-98,535,64,30,24,179,100,109,171
WYSR34,22,166,38,9177,260,-175,435,-82,132,139,-98,535,64,30,24,179,100,109,171
WYSR35,22,166,38,9177,260,-175,435,-82,132,139,-98,535,64,30,24,179,100,109,171
WYSR36,22,166,38,9177,260,-175,435,-82,132,139,-98,535,64,30,24,179,100,109,171
WYSR38,18,164,38,9091,253,-177,430,-85,127,134,-100,569,70,31,25,194,103,112,187
WYSR45,18,163,37,9029,252,-177,429,-84,127,133,-99,593,74,32,26,206,104,113,198
WYSR47,18,163,37,9029,252,-177,429,-84,127,133,-99,593,74,32,26,206,104,113,198
WYSR48,18,163,37,9029,252,-177,429,-84,127,133,-99,593,74,32,26,206,104,113,198
WYSR49,18,163,37,9029,252,-177,429,-84,127,133,-99,593,74,32,26,206,104,113,198
WYSR50,18,163,37,9029,252,-177,429,-84,127,133,-99,593,74,32,26,206,104,113,198
WYSR52,18,163,37,9029,252,-177,429,-84,127,133,-99,593,74,32,26,206,104,113,198
WYSR54,18,163,37,9029,252,-177,429,-84,127,133,-99,593,74,32,26,206,104,113,198
WYPC3,12,164,38,8916,245,-181,426,-89,120,126,-103,611,76,34,26,211,110,119,203
WYPC9,13,164,38,8913,246,-180,426,-87,121,127,-102,610,76,33,26,211,109,118,203
WYPC11,13,164,38,8952,247,-180,427,-88,122,128,-102,610,76,33,26,211,109,118,203
BH1,57,155,38,8422,283,-124,407,143,-50,167,-50,251,49,6,64,117,22,101,22
BH2,57,156,38,8451,283,-125,408,142,-50,167,-50,252,49,6,60,117,22,101,22
BH4,57,155,38,8422,283,-124,407,143,-50,167,-50,251,49,6,64,117,22,101,22
BH6,63,158,38,8310,288,-118,406,148,-42,172,-42,246,51,5,68,121,17,105,17
BH7,63,158,38,8310,288,-118,406,148,-42,172,-42,246,51,5,68,121,17,105,17
BH9,63,158,38,8310,288,-118,406,148,-42,172,-42,246,51,5,68,121,17,105,17
BH10,63,158,38,8292,288,-118,406,148,-42,171,-42,246,51,5,68,121,17,105,17
BH16,63,160,39,8224,289,-117,406,148,-42,170,-42,247,50,5,67,120,17,105,17
BH36,63,159,38,8295,289,-119,408,148,-42,171,-42,247,50,5,67,121,18,105,18
BH37,63,159,38,8295,289,-119,408,148,-42,171,-42,247,50,5,67,121,18,105,18
BH39,63,159,38,8295,289,-119,408,148,-42,171,-42,247,50,5,67,121,18,105,18
BH40,63,159,38,8295,289,-119,408,148,-42,171,-42,247,50,5,67,121,18,105,18
BH41,63,159,38,8295,289,-119,408,148,-42,171,-42,247,50,5,67,121,18,105,18
BH42,63,159,38,8295,289,-119,408,148,-42,171,-42,247,50,5,67,121,18,105,18
BH45,60,158,39,8260,284,-121,405,144,-45,168,-45,262,51,6,65,125,20,109,20
BH46,63,161,39,8248,290,-117,407,148,-42,171,-42,250,50,5,68,122,17,106,17
BH47,63,161,39,8248,290,-117,407,148,-42,171,-42,250,50,5,68,122,17,106,17
BH48,63,161,39,8248,290,-117,407,148,-42,171,-42,250,50,5,68,122,17,106,17
BH49,63,161,39,8248,290,-117,407,148,-42,171,-42,250,50,5,68,122,17,106,17
BH51,60,158,39,8260,284,-121,405,144,-45,168,-45,262,51,6,65,125,20,109,20
BH53,60,158,39,8260,284,-121,405,144,-45,168,-45,262,51,6,65,125,20,109,20
BH54,60,158,39,8260,284,-121,405,144,-45,168,-45,262,51,6,65,125,20,109,20
BH55,63,160,39,8271,289,-119,408,148,-42,171,-42,247,50,5,68,121,17,106,17
BH57,63,159,38,8310,289,-119,408,148,-42,172,-42,248,50,5,67,121,18,105,18
BH58,63,159,38,8310,289,-119,408,148,-42,172,-42,248,50,5,67,121,18,105,18
BH59,63,159,38,8310,289,-119,408,148,-42,172,-42,248,50,5,67,121,18,105,18
BH60,63,159,38,8310,289,-119,408,148,-42,172,-42,248,50,5,67,121,18,105,18
BH62,63,158,38,8336,289,-120,409,148,-42,172,-42,249,50,5,67,122,19,105,19
BH63,63,158,38,8336,289,-120,409,148,-42,172,-42,249,50,5,67,122,19,105,19
BH64,63,158,38,8336,289,-120,409,148,-42,172,-42,249,50,5,67,122,19,105,19
BH65,63,158,38,8336,289,-120,409,148,-42,172,-42,249,50,5,67,122,19,105,19
BH66,64,158,38,8306,289,-118,407,149,-42,172,-42,249,50,5,67,122,19,105,19
BH67,64,158,38,8324,290,-118,408,149,-42,172,-42,249,50,5,67,122,19,105,19
BH68,64,158,38,8324,290,-118,408,149,-42,172,-42,249,50,5,67,122,19,105,19
BH69,64,158,38,8324,290,-118,408,149,-42,172,-42,249,50,5,67,122,19,105,19
BH70,64,158,38,8324,290,-118,408,149,-42,172,-42,249,50,5,67,122,19,105,19
BH71,64,158,38,8309,290,-118,408,149,-41,172,-41,249,50,5,67,122,19,105,19
BH73,64,158,38,8297,289,-118,407,148,-41,172,-41,251,50,5,67,122,19,105,19
BH77,64,157,38,8311,289,-118,407,149,-41,173,-41,251,50,6,67,122,20,105,20
BH78,64,157,38,8311,289,-118,407,149,-41,173,-41,251,50,6,67,122,20,105,20
BH80,64,157,38,8311,289,-118,407,149,-41,173,-41,251,50,6,67,122,20,105,20
BL40,40,168,38,8877,275,-158,433,128,-55,153,-76,240,36,11,36,92,41,84,42
BL45,40,169,38,8919,276,-158,434,129,-55,154,-76,240,36,11,36,92,41,84,42
BL51,41,168,38,8939,276,-157,433,130,-55,155,-75,243,36,11,35,92,43,84,44
BL54,42,166,38,9024,277,-157,434,132,-55,157,-76,246,36,13,33,92,46,83,48
BL55,42,166,38,9024,277,-157,434,132,-55,157,-76,246,36,13,33,92,46,83,48
BL56,42,166,38,9024,277,-157,434,132,-55,157,-76,246,36,13,33,92,46,83,48
BL57,41,166,38,9010,275,-159,434,130,-16,155,-77,253,37,13,32,94,47,85,50
BL62,43,164,37,9061,276,-156,432,133,-55,158,-76,253,36,13,30,92,49,83,52
BL63,43,164,37,9061,276,-156,432,133,-55,158,-76,253,36,13,30,92,49,83,52
BL64,34,166,38,8973,267,-165,432,123,-22,148,-83,274,38,14,30,98,53,88,56
BL65,34,166,38,8973,267,-165,432,123,-22,148,-83,274,38,14,30,98,53,88,56
BL67,42,165,38,9062,274,-159,433,131,-15,156,-77,257,36,13,30,93,49,84,53
BL68,42,165,38,9062,274,-159,433,131,-15,156,-77,257,36,13,30,93,49,84,53
BL70,44,164,37,9144,277,-157,434,135,-12,159,-77,255,36,13,30,92,50,83,54
BL71,44,163,37,9145,277,-157,434,135,52,159,-76,256,36,13,29,92,50,83,55
BL72,44,164,37,9156,277,-157,434,135,-12,159,-77,257,36,13,29,91,51,82,56
BL73,44,164,37,9156,277,-157,434,135,-12,159,-77,257,36,13,29,91,51,82,56
BL75,45,164,37,9190,279,-157,436,136,53,160,-76,261,36,13,29,92,51,82,58
BL76,45,164,37,9190,279,-157,436,136,53,160,-76,261,36,13,29,92,51,82,58
BL77,45,164,37,9190,279,-157,436,136,53,160,-76,261,36,13,29,92,51,82,58
BL78,45,164,37,9196,279,-157,436,136,53,161,-76,263,36,13,29,92,52,82,59
BL79,45,164,37,9196,279,-157,436,136,53,161,-76,263,36,13,29,92,52,82,59
BL81,45,164,37,9184,279,-157,436,136,53,161,-76,264,36,13,27,92,52,82,60
BL82,45,164,37,9184,279,-157,436,136,53,161,-76,264,36,13,27,92,52,82,60
BL83,46,164,37,9231,280,-158,438,137,53,162,-76,263,36,13,29,92,52,82,59
BL85,46,164,37,9231,280,-158,438,137,53,162,-76,263,36,13,29,92,52,82,59
BL86,46,164,37,9242,280,-158,438,138,54,162,-76,263,36,13,29,92,52,82,59
BL87,46,164,37,9242,280,-158,438,138,54,162,-76,263,36,13,29,92,52,82,59
BL88,46,164,37,9293,282,-158,440,139,54,163,-77,262,36,13,29,91,52,81,59
BL90,46,165,37,9280,281,-158,439,139,54,163,-77,264,36,13,27,91,52,81,61
BWR74,64,159,37,9160,301,-128,429,-42,174,180,-57,355,51,12,43,144,44,55,139
BWR75,64,159,37,9160,301,-128,429,-42,174,180,-57,355,51,12,43,144,44,55,139
BWR76,64,159,37,9160,301,-128,429,-42,174,180,-57,355,51,12,43,144,44,55,139
BWR78,64,159,37,9160,301,-128,429,-42,174,180,-57,355,51,12,43,144,44,55,139
BWR83,64,159,37,9145,302,-126,428,-41,175,181,-56,353,51,11,44,145,42,52,139
BWR84,64,159,37,9145,302,-126,428,-41,175,181,-56,353,51,11,44,145,42,52,139
ABOR01,56,134,32,9286,263,-148,411,153,1,173,-66,384,68,15,48,157,51,153,54
ABOR02,50,136,35,8448,252,-135,387,136,-59,158,-59,411,76,16,53,177,52,163,52
ABOR03,50,136,34,8473,252,-137,389,136,-60,158,-60,411,76,16,53,177,52,163,52
ABOR04,50,136,34,8473,252,-137,389,136,-60,158,-60,411,76,16,53,177,52,163,52
ABOR05,50,136,35,8448,252,-135,387,136,-59,158,-59,411,76,16,53,177,52,163,52
ABOR06,50,136,34,8473,252,-137,389,136,-60,158,-60,411,76,16,53,177,52,163,52
ABOR07,50,136,34,8473,252,-137,389,136,-60,158,-60,411,76,16,53,177,52,163,52
ABOR08,50,136,34,8473,252,-137,389,136,-60,158,-60,411,76,16,53,177,52,163,52
ABOR09,50,136,35,8448,252,-135,387,136,-59,158,-59,411,76,16,53,177,52,163,52
ABOR10,56,134,32,9286,263,-148,411,153,1,173,-66,384,68,15,48,157,51,153,54
ABOR11,56,134,32,9286,263,-148,411,153,1,173,-66,384,68,15,48,157,51,153,54
ABOR12,56,134,32,9286,263,-148,411,153,1,173,-66,384,68,15,48,157,51,153,54
ABOR13,56,134,32,9286,263,-148,411,153,1,173,-66,384,68,15,48,157,51,153,54
ABOR14,56,134,32,9286,263,-148,411,153,1,173,-66,384,68,15,48,157,51,153,54
ABOR15,56,134,32,9286,263,-148,411,153,1,173,-66,384,68,15,48,157,51,153,54
ABOR16,56,134,32,9286,263,-148,411,153,1,173,-66,384,68,15,48,157,51,153,54
ABOR17,56,134,32,9286,263,-148,411,153,1,173,-66,384,68,15,48,157,51,153,54
ABOR18,56,134,32,9286,263,-148,411,153,1,173,-66,384,68,15,48,157,51,153,54
ABOR19,56,134,32,9286,263,-148,411,153,1,173,-66,384,68,15,48,157,51,153,54
ABOR20,56,134,32,9286,263,-148,411,153,1,173,-66,384,68,15,48,157,51,153,54
ABOR21,56,134,32,9286,263,-148,411,153,1,173,-66,384,68,15,48,157,51,153,54
ABOR22,56,134,32,9286,263,-148,411,153,1,173,-66,384,68,15,48,157,51,153,54
ABOR23,56,134,32,9286,263,-148,411,153,1,173,-66,384,68,15,48,157,51,153,54
ABOR24,48,136,33,9005,253,-155,408,141,-4,161,-70,412,74,17,49,170,54,165,58
ABOR25,48,136,33,9005,253,-155,408,141,-4,161,-70,412,74,17,49,170,54,165,58
ABOR26,48,136,33,9005,253,-155,408,141,-4,161,-70,412,74,17,49,170,54,165,58
ABOR27,48,136,33,9005,253,-155,408,141,-4,161,-70,412,74,17,49,170,54,165,58
ABOR28,48,136,33,9005,253,-155,408,141,-4,161,-70,412,74,17,49,170,54,165,58
ABOR29,48,136,33,9005,253,-155,408,141,-4,161,-70,412,74,17,49,170,54,165,58
ABOR30,48,136,33,9005,253,-155,408,141,-4,161,-70,412,74,17,49,170,54,165,58
ABOR31,48,136,33,9005,253,-155,408,141,-4,161,-70,412,74,17,49,170,54,165,58
ABOR32,48,136,33,9019,254,-154,408,142,-4,162,-69,410,73,17,49,169,54,164,58
ABOR33,48,136,33,9005,253,-155,408,141,-4,161,-70,412,74,17,49,170,54,165,58
ABOR34,48,136,33,9005,253,-155,408,141,-4,161,-70,412,74,17,49,170,54,165,58
ABOR35,48,136,33,9005,253,-155,408,141,-4,161,-70,412,74,17,49,170,54,165,58
ABOR36,48,136,33,9005,253,-155,408,141,-4,161,-70,412,74,17,49,170,54,165,58
ABOR37,48,136,33,9005,253,-155,408,141,-4,161,-70,412,74,17,49,170,54,165,58
ABOR38,48,136,33,9005,253,-155,408,141,-4,161,-70,412,74,17,49,170,54,165,58
ABOR39,48,136,33,9005,253,-155,408,141,-4,161,-70,412,74,17,49,170,54,165,58
ABOR40,48,136,33,9005,253,-155,408,141,-4,161,-70,412,74,17,49,170,54,165,58
ABOR41,56,134,32,9286,263,-148,411,153,1,173,-66,384,68,15,48,157,51,153,54
ABOR42,56,134,32,9286,263,-148,411,153,1,173,-66,385,68,15,48,157,52,153,54
ABOR43,56,134,32,9286,263,-148,411,153,1,173,-66,384,68,15,48,157,51,153,54
ABOR44,56,134,32,9286,263,-148,411,153,1,173,-66,385,68,15,48,157,52,153,54
ABOR45,56,134,32,9286,263,-148,411,153,1,173,-66,385,68,15,48,157,52,153,54
ABOR46,56,134,32,9286,263,-148,411,153,1,173,-66,385,68,15,48,157,52,153,54
ABOR47,56,134,32,9286,263,-148,411,153,1,173,-66,384,68,15,48,157,51,153,54
ABOR48,56,134,32,9286,263,-148,411,153,1,173,-66,384,68,15,48,157,51,153,54
ABOR49,56,134,32,9286,263,-148,411,153,1,173,-66,385,68,15,48,157,52,153,54
ABOR50,56,134,32,9286,263,-148,411,153,1,173,-66,384,68,15,48,157,51,153,54
ABOR51,57,134,32,9292,263,-147,410,152,1,173,-65,385,68,15,48,157,52,153,54
ABOR52,56,134,32,9286,263,-148,411,153,1,173,-66,385,68,15,48,157,52,153,54
ABOR53,56,134,32,9286,263,-148,411,153,1,173,-66,384,68,15,48,157,51,153,54
ABOR54,56,134,32,9286,263,-148,411,153,1,173,-66,384,68,15,48,157,51,153,54
ABOR55,56,134,32,9286,263,-148,411,153,1,173,-66,384,68,15,48,157,51,153,54
ABOR56,56,134,32,9286,263,-148,411,153,1,173,-66,385,68,15,48,157,52,153,54
ABOR57,56,134,32,9286,263,-148,411,153,1,173,-66,384,68,15,48,157,51,153,54
ABOR58,56,134,32,9286,263,-148,411,153,1,173,-66,384,68,15,48,157,51,153,54
ABOR59,56,134,32,9286,263,-148,411,153,1,173,-66,384,68,15,48,157,51,153,54
ABOR60,56,134,32,9286,263,-148,411,153,1,173,-66,384,68,15,48,157,51,153,54
