Pop,Sample,2425,2900,2992,961,3681,1685,3457,3592,3907,60,2315,333
Pop1,ML10,193193,173173,224224,149151,106106,116116,197213,236242,108108,207207,156162,9797
Pop1,ML12,193193,173173,224224,149151,106106,116116,197207,236244,108108,207207,156162,9797
Pop1,ML4,193193,173173,224224,149151,106106,116116,201207,236240,108108,207207,162162,9797
Pop1,ML5,193193,173173,224224,149151,106106,116116,201207,236240,108108,207207,153162,9797
Pop1,ML6,193193,173173,224224,149151,106106,116116,201207,236240,108108,207207,158165,9797
Pop1,ML7,193193,173173,224224,149151,106106,116116,201207,236240,108108,207207,156162,9797
Pop1,ML8,193193,173173,224224,149151,106106,116116,197207,236238,108108,207207,156162,9797
Pop1,ML9,193193,173173,224224,149151,106106,116116,197207,236240,108108,207207,156162,9797
Pop1,GC2,190193,173173,230232,149151,106106,116116,205207,242248,108108,207207,153156,9797
Pop1,GC4,190193,173173,230232,149151,106106,116116,205207,244252,108108,207207,153156,9797
Pop1,GC8,190193,173173,232232,149151,106106,116116,205207,244244,108108,207207,153156,9797
Pop1,SHW13,190193,173173,230232,149151,106106,116116,205207,244244,108108,207207,153156,9797
Pop1,SHW14,190193,173173,230232,149151,106106,116116,205207,244248,108108,207207,153156,9797
Pop1,SHW1X,190193,173173,230232,149151,106106,116116,205207,244246,108108,207207,153156,9797
Pop1,SHW4X,190193,173173,230232,151153,103106,116116,205207,244246,108108,207207,153156,9797
Pop1,PHWS1,190190,173173,224224,149151,106111,116116,189197,236244,108108,207207,156162,9797
Pop1,PHWS3,190193,173173,224224,149151,106111,116116,187203,240244,108108,207207,153153,9797
Pop1,PHWS4,190190,173173,224224,149151,106111,116116,189197,236246,108108,207207,156162,9797
Pop1,AZPW1,193193,173173,224228,147151,103106,116116,201205,238238,108108,207207,156156,9797
Pop1,AZPW2,193193,173173,224228,147151,103106,116116,201205,238238,108108,207207,156156,9797
Pop1,AZPW3,193193,173173,224228,147151,103106,116116,201205,238238,108108,207207,156156,9797
Pop1,AZPW4,193193,173173,224228,147151,103106,116116,201205,240240,108108,207207,156156,9797
Pop1,AZPW5,193193,173173,224228,147151,103106,116116,201205,238238,108108,207207,156156,9797
Pop1,AZPW6,190193,173173,224224,147151,106111,116116,187203,238240,108108,207207,153153,9797
Pop1,AZPW7,190193,173173,224224,147151,106111,116116,187203,242242,108108,207207,153153,9797
Pop1,AZPW8,190190,173173,224224,151151,103111,116116,189197,236246,108108,207207,156162,9797
Pop1,AZPW9,190190,173173,224224,151151,103111,116116,189197,236236,108108,207207,156162,9797
Pop1,AZPW10,190190,173173,224224,151151,103111,116116,189197,236236,108108,207207,156162,9797
Pop1,AZPW11,190190,173173,224224,151151,103111,116116,189197,246246,108108,207207,156162,9797
Pop1,AZPW12,190190,173173,224224,151151,103111,116116,189197,236246,108108,207207,156162,9797
Pop1,AZPW13,190190,173173,224224,151151,103111,116116,189197,236246,108108,207207,156162,9797
Pop1,AZPW14,190190,173173,224224,151151,103111,116116,189197,236236,108108,207207,156162,9797
Pop1,AZPW15,190190,173173,224224,151151,103103,116116,189197,236242,108108,207207,156162,9797
Pop1,AZPW16,190190,173173,224224,151151,103111,116116,189197,236246,108108,207207,156162,9797
Pop1,AZPW17,190193,173173,224224,147151,106111,116116,187203,238244,108108,207207,153153,9797
Pop1,AZPW18,190193,173173,224224,147151,106111,116116,187203,238244,108108,207207,153153,9797
Pop1,AZPW19,190193,173173,224224,147151,106111,116116,187203,238244,108108,207207,153153,9797
Pop1,AZPW20,190193,173173,224224,147151,106111,116116,187203,240240,108108,207207,153153,9797
Pop1,AZPW21,190193,173173,224224,147151,106111,116116,187203,238238,108108,207207,153153,9797
Pop1,AZPW22,190193,173173,224224,147151,106111,116116,187203,238244,108108,207207,153153,9797
Pop1,AZPW23,190193,173173,224224,147151,106111,116116,187203,240244,108108,207207,153153,9797
Pop1,AZPW24,190193,173173,224224,147151,106111,116116,187203,244244,108108,207207,153153,9797
Pop1,AZPW25,190193,173173,224224,147151,106111,116116,187203,238244,108108,207207,153153,9797
Pop1,AZPW26,190193,173173,224228,151153,103111,116116,205207,240244,108108,207207,162162,9799
Pop1,AZPW27,190193,173173,224224,147151,106111,116116,187203,240242,108108,207207,153153,9797
Pop1,AZPW28,190193,173173,224224,147151,106111,116116,187203,240242,108108,207207,153153,9797
Pop1,AZPW29,190193,173173,224224,147151,106111,116116,187203,242242,108108,207207,153153,9797
Pop1,AZPW30,190193,173173,224224,147151,106111,116116,187203,240242,108108,207207,153153,9497
Pop1,AZPW31,190193,173173,224224,147151,106111,116116,187203,240242,108108,207207,153153,9797
Pop1,AZPW32,190193,173173,224224,147151,106111,116116,187203,240242,108108,207207,153153,9497
Pop1,AZPW33,190193,173173,224224,147151,106111,116116,187203,238244,108108,207207,153153,9797
Pop1,AZPW34,190193,173173,224224,147151,106111,116116,187203,240244,108108,207207,153153,9497
Pop1,AZPW35,190193,173173,224224,147151,106111,116116,187203,240244,108108,207207,153153,9497
Pop1,AZPW36,190193,173173,224224,147151,106111,116116,187203,240244,108108,207207,153153,9497
Pop1,AZPW37,190193,173173,224224,147151,106111,116116,187203,240244,108108,207207,153153,9497
Pop1,AZPW38,190193,173173,224224,147151,106111,116116,187203,240244,108108,207207,153153,9497
Pop1,AZPW39,190193,173173,224224,147151,106111,116116,187203,240246,108108,207207,153153,9797
Pop1,AZPW40,190193,173173,224224,147151,106111,116116,187203,240244,108108,207207,153153,9797
Pop1,AZPW41,190193,173173,224228,151151,106106,116116,189207,238244,108108,207207,153162,9797
Pop1,AZPW42,190193,173173,224224,147151,106111,116116,187203,240242,108108,207207,153153,9497
Pop1,AZPW43,190193,173173,224224,147151,106111,116116,187203,240242,108108,207207,153153,9497
Pop1,AZPW44,190193,173173,224224,147151,106111,116116,187203,240244,108108,207207,153153,9797
Pop1,AZWW2,190193,173173,226226,149151,106106,116116,195201,236250,108108,207207,153153,9797
Pop1,AZWW7,190190,173173,224226,149149,103103,116116,197199,234238,108108,207207,156156,9797
Pop1,JC2,190190,173173,226228,153155,103111,116116,197203,240240,108108,207207,153156,9797
Pop1,JC3,190190,173173,226228,153155,103111,116116,197203,240240,108108,207207,153156,9797
Pop1,JC4,190190,173173,226228,153155,103111,116116,197203,240240,108108,207207,153156,9797
Pop1,JC6,190193,163173,224226,149151,103106,116116,203205,234236,108108,207207,153156,9797
Pop1,JC7,190193,163173,224226,149151,103106,116116,203205,234236,108108,207207,153156,9797
Pop1,JC8,190193,163173,224226,149151,103106,116116,203205,234236,108108,207207,153156,9797
Pop1,JC9,190193,163173,224226,149151,103106,116116,203205,234236,108108,207207,153156,9797
Pop1,JC11,190193,163173,224226,149151,103106,116116,203205,234236,108108,207207,153156,9797
Pop1,JC12,190193,163173,224226,149151,103106,116116,203203,236236,108108,207207,153156,9797
Pop1,JC13,190193,163173,224226,149151,103106,116116,203203,236236,108108,207207,153156,9797
Pop1,AZCH1,190193,173173,224224,151153,103106,116116,197197,238238,108108,207207,156156,9797
Pop1,AZCH3,193193,173173,224224,153153,103106,116116,197197,244246,108108,207207,156156,9797
Pop1,AZCH4,190190,173173,224230,151153,103106,116116,197199,246250,108108,207207,153153,9797
Pop1,AZCH5,190193,173173,224224,153153,106106,116116,197205,244248,108108,207207,156156,9797
Pop1,CHV1,190193,173173,224224,151153,106106,116116,195197,242244,108108,207207,156156,9797
Pop1,CHV2,190193,173173,224224,151153,106106,116116,195197,244250,108108,207207,156156,9797
Pop1,CHV3,190193,173173,224224,151153,106106,116116,195197,244246,108108,207207,156156,9797
Pop1,CHV4,193196,173173,224224,151153,106106,116116,195203,238244,108108,207207,156156,9797
Pop1,CHV6,190193,173173,224224,151153,106106,116116,195197,244244,108108,207207,156156,9797
Pop1,CHV7,193196,173173,224224,151153,106106,116116,195203,238242,108108,207207,156156,9797
Pop1,ABC1X,193193,173173,224226,149153,103106,116116,195205,244248,108108,207207,153156,9797
Pop1,ABC2X,190193,173173,224224,151153,103103,116116,199201,242244,108108,207207,156162,9797
Pop1,ABC3,193193,173173,224224,151153,103106,116116,201205,244246,108108,207207,156156,9797
Pop1,ABC5,193193,173173,224224,151153,103103,116116,205209,232244,108108,207207,162162,9797
Pop1,ABC7,190196,173173,224224,151153,103103,116116,197197,242242,108109,207207,153162,9797
Pop1,ABC9,193193,173173,224224,151153,103106,116116,197203,240246,108111,207207,156156,9797
Pop1,ABC11,193193,173173,224224,151153,103106,116116,197203,236246,108111,207207,156156,9797
Pop1,ABC13,193196,173173,224224,153153,103103,116116,205205,244248,108108,207207,156156,9797
Pop1,ABC14,193193,173173,224224,151153,103106,116116,199199,232242,108108,207207,156156,9797
Pop1,ABC15,193193,173173,224224,151153,103106,116116,199199,242242,108108,207207,156162,9797
Pop1,ABC16,193193,173173,224224,149151,106106,116116,195205,242244,108108,207207,156162,9797
Pop1,ABC17,190193,173173,224226,149153,103106,116116,195195,242248,108108,207207,153162,9797
Pop1,ABC18,190193,173173,224226,149153,103106,116116,195195,242246,108108,207207,153162,9797
Pop1,ABC19,190193,173173,224226,149153,103103,116116,195199,242248,108108,207207,153162,9797
Pop1,ABC21,190193,173173,224224,149153,106106,116116,195205,242242,108108,207207,162162,9797
Pop1,ABC22,193193,163173,224224,149153,103111,116116,195209,240250,108108,207207,153162,9797
Pop1,ABC23,193193,163173,224224,149153,103111,116116,195209,240248,108108,207207,153162,9797
Pop1,ABC24,193193,173173,224224,151151,103103,116116,199199,240250,108108,207207,153156,9797
Pop1,ABC25,193193,173173,224224,149151,103103,116116,197199,242248,108108,207207,153153,9797
Pop1,ABC26,190190,163173,224224,151153,106106,116116,197203,240246,108108,207207,153162,9797
Pop1,ABC27,193193,173173,224230,151153,103103,116116,199204,248248,108108,207207,156162,9497
Pop1,ABC28,190193,173173,224224,151151,95103,116116,197199,238240,108108,207207,156162,9797
Pop1,ABC29,190193,173173,224224,151153,98103,116116,197201,238238,108108,207207,153156,9797
Pop1,ABC30,193193,173173,224224,149151,103103,116116,197205,248250,108108,207207,156156,9797
Pop1,ABC31,193193,173173,224224,151153,103103,116116,205217,240240,108108,207207,153156,9797
Pop1,ABC32,193193,163173,224224,151151,103106,116116,205217,240240,108108,207207,153156,9797
Pop1,ABC33,193193,163173,224224,151151,103103,116116,199217,240240,108108,207207,156156,9797
Pop1,ABC34,193193,173173,224230,149151,103103,116116,199205,240244,108108,207207,153165,9797
Pop1,ABC35,193193,173173,224224,151153,103103,116116,199217,240240,108109,207207,153162,9797
Pop1,ABC36,193193,163173,224224,151153,103103,116116,197199,240240,108111,207207,153162,9797
Pop1,ABC37,193193,173173,224224,151151,103103,116116,197199,240244,108109,207207,156162,9797
Pop1,ABC38,190193,163173,224224,151153,103103,116116,203207,242242,108109,207207,153153,9797
Pop1,ABC39,190193,163173,224224,153153,103103,116116,197207,242242,108108,207207,153162,9797
Pop1,ABC40,190193,173173,224224,151153,103103,116116,201203,240242,109109,207207,153162,9797
Pop1,ABC42,193193,163173,224224,151153,103103,116116,197209,240246,108111,207207,156162,9797
Pop1,BNM1,193193,163163,224224,151153,103103,116116,199201,240240,108108,207207,156162,9797
Pop1,BNM3,193193,163173,224226,151153,103103,116116,199207,238248,108108,207207,156162,9797
Pop1,BNM4,193196,163163,226228,151151,103106,116116,199207,234240,108108,207207,153156,9799
Pop1,BNM5,193193,163173,226228,151153,103106,116116,201207,236240,108108,207207,153162,9799
Pop1,BNM6,193196,173173,224224,151151,103103,116116,195207,244246,108108,207207,153156,9799
Pop1,BNM7,193193,163173,224224,153153,103103,116116,195207,240244,108108,207207,153156,9797
Pop1,BNM8,193193,173173,224224,151151,103103,116116,195201,234240,108108,207207,153156,9797
Pop1,BNM9,193193,173173,224228,151151,103106,116116,207207,234246,108108,207207,156156,9797
Pop1,BNM10,193193,173173,224228,151151,103106,116116,195201,246246,108108,207207,153156,9999
Pop1,BNM11,196196,173173,224224,153153,103106,116116,195201,240246,108108,207207,156156,9797
Pop1,BNM12,193193,173173,224224,151151,103103,116116,207207,240248,108108,207207,153156,9797
Pop1,BNM13,193193,173173,224224,149153,106106,116116,195203,234242,108108,207207,153156,9797
Pop1,BNM14,193193,173173,224226,153153,103103,116116,195195,240246,108108,207207,156156,9999
Pop1,BNM15,190193,173173,224226,151151,103103,116116,197207,240246,108108,207207,156162,9797
Pop1,BNM16,190196,173173,228230,151151,103106,116116,195207,240248,108108,207207,156156,9999
Pop1,BNM17,193196,163173,228230,151153,103106,116116,197207,240246,108108,207207,153156,9797
Pop2,BR6,190196,173173,224230,103106,151151,197208,116116,244246,108108,207207,153156,9797
Pop2,BR8,190196,173173,224230,103106,151151,195199,116116,240252,108109,207207,153156,9797
Pop2,BR11,193193,173173,230232,98103,151151,193201,116116,246246,108109,207207,156162,9797
Pop2,BR12,190193,173173,224230,103106,151151,195197,116116,240246,108108,207207,156162,9797
Pop2,BR15,190193,173173,224230,103106,151151,201207,116116,238246,108108,207207,156162,9797
Pop2,BR16,193196,173173,224224,103103,149151,201205,116116,240240,108109,207207,153156,9797
Pop2,BR18,190193,173173,224230,103106,151151,197203,116116,242244,108109,207207,156162,9797
Pop2,BR19,190190,173173,224224,106106,151151,197201,116116,236242,108108,207207,153162,9497
Pop2,BR20,190190,173173,224224,103106,151151,199201,116116,238243,108108,207207,153162,9797
Pop2,BR21,190190,173173,224224,103106,151151,199201,116116,238238,108108,207207,153162,9797
Pop2,BR28,193193,173173,224224,103103,151151,199203,116116,236244,108109,207207,156162,9799
Pop2,BR30,190193,173173,224224,103106,149151,201201,116116,240242,108108,207207,153153,9497
Pop2,BR31,190193,173173,224230,106106,151151,197199,116116,240244,108108,207207,153156,9799
Pop2,BR33,190193,173173,224230,106106,151151,197199,116116,240242,108108,207207,153156,9799
Pop2,BR34,190193,173173,224230,103106,149151,197205,116116,236244,108108,207207,162162,9797
Pop2,BR35,190193,173173,224230,98103,151151,199201,116116,242243,108109,207207,153156,9797
Pop2,BR37,190193,173173,224230,151151,103103,116116,199199,236243,108109,207207,153156,9797
Pop2,BR39,190193,173173,224230,151151,103103,116116,199205,236244,108109,207207,153162,9797
Pop2,BR41,190193,173173,224230,151151,103103,116116,199201,236240,108109,207207,153156,9797
Pop2,BR42,193193,173173,224230,149151,103103,116116,199205,236243,108108,207207,153156,9797
Pop2,BR45,193196,173173,224224,151151,103106,116116,193203,246248,108109,207207,156156,9797
Pop2,BR46,193196,173173,224230,149151,103106,116116,201201,238238,109109,207207,153162,9797
Pop2,BR47,196196,173173,230230,149151,106106,116116,193203,248252,108109,207207,156156,9797
Pop2,BR48,190190,173173,224230,149151,103106,116116,197205,242244,108108,207207,153156,9797
Pop2,BR49,193196,173173,224230,151151,103103,116116,199199,238238,108108,207207,156162,9797
Pop2,BR50,193196,173173,224224,149151,103106,116116,199199,238242,108109,207207,162162,9797
Pop2,BR51,193196,173173,224224,149151,103106,116116,197197,238244,108109,207207,162162,9797
Pop2,BR54,193196,173173,224224,149151,103106,116116,199199,238244,108109,207207,162162,9797
Pop2,BR55,190193,173173,224224,149151,103106,116116,203205,236248,108108,207207,153156,9799
Pop2,BR56,193193,173173,224226,149151,103103,116116,201207,236241,108110,207207,153162,9799
Pop2,BR58,190196,173173,224230,149151,98103,116116,195201,240242,108108,207207,153153,9799
Pop2,BR59,193193,173173,224230,151153,103106,116116,199203,250250,108108,207207,156156,9799
Pop2,BR60,193196,173173,224230,151151,103103,116116,201201,238240,108108,207207,153156,9797
Pop2,BR61,190193,173173,224224,151151,103103,116116,199201,236240,108109,207207,153156,9797
Pop2,BR64,190193,173173,224224,149151,103103,116116,199205,236240,108109,207207,153162,9799
Pop2,BR65,193193,173173,224230,151151,103106,116116,199201,238246,108108,207207,153156,9799
Pop2,BR66,193196,173173,224230,151151,106106,116116,195207,236244,108108,207207,153162,9797
Pop2,BR67,190193,173173,224230,149151,103103,116116,205207,240244,108108,207207,153162,9797
Pop2,BR68,190196,173173,230230,151151,103103,116116,197197,238246,108108,207207,153156,9797
Pop2,BR70,190196,173173,224230,151151,103106,116116,197207,244244,108108,207207,153156,9797
Pop2,BR72,193196,173173,224230,149151,103103,116116,195199,244246,108109,207207,156162,9797
Pop2,BR73,193193,173173,224230,149151,103103,116116,201205,240244,108109,207207,162162,9797
Pop2,BR75,190193,173173,224224,151151,103106,116116,199199,238246,108109,207207,153162,9797
Pop2,BR76,190193,173173,224224,151151,106106,116116,195199,238244,108108,207207,153162,9797
Pop2,BR77,193193,173173,224224,151151,103103,116116,195199,238238,108109,207207,156162,9797
Pop2,BR102,190193,163173,224230,151151,103103,116116,195199,238238,108108,207207,153156,9797
Pop2,BR104,190196,173173,224230,151151,103103,116116,199201,236236,108108,207207,156162,9797
Pop2,BR105,193193,173173,224230,151151,103103,116116,193197,236243,108108,207207,156162,9797
Pop2,BR106,190193,173173,224228,151151,103106,116116,197205,244248,108108,207207,162162,9797
Pop2,BR107,193193,173173,224230,151151,103103,116116,199205,236236,108108,207207,153162,9799
Pop2,BR108,193196,173173,224224,149151,103106,116116,199199,238246,108109,207207,162162,9797
Pop2,BR123,190193,173173,224224,151151,103103,116116,197199,240240,108109,207207,153156,9797
Pop2,BR124,196199,173173,230230,151151,103103,116116,203203,236236,108108,207207,156162,9799
Pop2,QL1,190190,173173,224224,151151,103103,116116,197201,238252,108108,207207,153165,9797
Pop2,QL10,190193,173173,226230,149151,103106,116116,197201,236238,108108,207207,156162,9797
Pop2,QL11,193193,173173,224230,151151,103103,116116,201201,240246,108109,207207,162162,9797
Pop2,QL12,193193,173173,224230,149151,103103,116116,197205,234238,108109,207207,156162,9797
Pop2,QL2,193196,173173,224230,151151,103103,116116,193193,234244,108108,207207,156156,9797
Pop2,QL3,193193,173173,224230,151151,103111,116116,193201,246246,108108,207207,153162,9797
Pop2,QL4,190193,173173,224230,151151,103103,116116,193197,234238,108108,207207,156162,9797
Pop2,QL5,193193,173173,226226,151151,95106,116116,197201,236252,108109,207207,153162,9797
Pop2,QL6,190193,173173,224224,151153,103103,116116,197197,236236,108109,207207,156162,9797
Pop2,QL7,193193,173173,224226,151151,95103,116116,201201,238251,108109,207207,156162,9797
Pop2,QL8,193193,173173,224226,149151,106106,116116,197199,234238,108109,207207,162162,9499
Pop2,QL9,190193,173173,230230,149151,103106,116116,197205,234238,108109,207207,156162,9799
Pop2,IC2,193193,173173,224224,151151,103103,116116,197199,248248,108108,207207,153156,9799
Pop2,IC4,193193,173173,224224,151151,95103,116116,197201,238248,108108,207207,156156,9999
Pop2,IC5,193193,173173,224224,151151,95103,116116,197201,238250,108108,207207,156156,9999
Pop2,IC6,190190,163173,224230,149151,103106,116116,199199,238254,108108,207207,153162,9797
Pop2,IC7,193193,173173,224224,151151,103103,116116,201201,240244,108108,207207,153156,9797
Pop2,IC8,190190,173173,224230,151151,98103,116116,201207,236250,108108,207207,153153,9797
Pop2,IC9,193193,173173,224224,151151,103103,116116,201203,238242,108108,207207,153156,9799
Pop2,LC10,193193,173173,224224,151151,103106,116116,199201,236244,108109,207207,162162,9799
Pop2,LC11,193193,173173,224224,151151,106106,116116,197205,238246,108108,207207,162162,9797
Pop2,LC2,190193,173173,224224,149151,103106,116116,201203,243244,108108,207207,153162,9797
Pop2,LC3,193193,173173,224224,151151,103106,116116,201205,236246,108108,207207,156162,9797
Pop2,LC4,193193,173173,224224,151151,103103,116116,199199,236240,108108,207207,162162,9797
Pop2,LC5,193196,173173,224224,151151,103103,116116,199201,240248,108108,207207,156162,9497
Pop2,LC6,190193,173173,224224,151151,103103,116116,199199,236250,108109,207207,156162,9499
Pop2,LC7,193193,173173,224224,151151,103103,116116,199201,236246,108109,207207,162162,9799
Pop2,LC8,193193,173173,224224,151151,103103,116116,199201,236248,108109,207207,162162,9799
Pop2,LC9,193193,173173,224224,151151,103106,116116,199199,236244,108109,207207,162162,9799
Pop3,NMRP4,190196,163173,224226,149153,103111,116116,193199,234236,108108,207207,156162,9999
Pop3,NMRP5,193193,163163,224226,153153,106106,116116,195197,232242,108108,207207,156156,9999
Pop3,NMRP6,190193,163163,224224,151153,103106,116116,195197,236242,108108,207207,156162,9999
Pop3,NMRP7,190193,163173,224226,151153,87103,116116,185195,238240,108108,207207,156162,9999
Pop3,NMRP9,190196,163173,224230,153153,103103,116116,199203,234242,108108,207207,156162,9999
Pop3,NMRP13,187190,163163,224226,151151,98106,116116,NA,232238,108108,207207,156156,9999
Pop3,NMRP17,190196,163173,224226,149153,103111,116116,NA,234236,108108,207207,156162,9999
Pop3,NMRP_U1,190193,163163,224224,151153,103106,116116,NA,236242,108108,207207,NA,9999
Pop3,NMRR2,196196,163163,224224,157157,98106,116116,197199,246246,108108,207209,156156,9999
Pop3,NMRR3,193196,163163,224224,151151,95106,116116,197199,232232,108108,207207,156156,9999
Pop3,NMRR4,196196,163163,224224,153153,98106,116116,195199,232232,108108,207207,156162,9999
Pop3,NMRR6,193196,163173,224226,151157,98103,116116,185195,232240,108108,207207,156162,9999
Pop3,NMRR7,193196,163173,224226,151157,98103,116116,185195,232240,108108,207207,156162,9999
Pop3,NMRR9,193196,163163,224224,153157,95103,116116,197199,238238,108108,207209,162162,9999
Pop3,NMRR10,193196,163163,226226,153153,103106,116116,195195,232238,108108,207207,156156,9999
Pop3,NMRR11,190196,163163,224226,153153,103103,116116,195197,238240,108108,207207,156162,9999
Pop3,MIAA,193196,163163,224224,153157,103106,116116,187197,234236,108108,207207,162162,9999
Pop3,MIAC,196196,163163,224224,153153,106106,116116,197203,236238,108108,207207,162162,9999
Pop3,MIAG,190196,163163,224224,153153,95103,116116,NA,NA,108108,207207,156162,9999
Pop3,MIBE,196199,163163,224224,153153,103106,116116,187203,238240,108108,207207,156162,9999
Pop3,MIBM,190196,163163,226226,153153,95106,116116,197203,236238,108108,207207,156162,9999
Pop3,MIBK,196199,163163,224224,153153,103106,116116,197197,240240,108108,207207,156162,9999
Pop3,51_MIBC,196199,163163,224224,153153,9595,116116,187195,234236,108108,207207,156156,9999
Pop3,56_MIBC,193196,163163,224226,151153,9595,116116,197207,234242,108114,207207,156156,9999
Pop3,60_MIBC,193196,163163,224224,151153,106106,116116,195195,244248,108108,207207,156156,9999
Pop3,67_MIPP,196196,163163,224224,151153,95106,116116,187195,234245,108108,207207,162162,9999
Pop3,70_MIPP,190196,163163,224226,153153,98106,116116,195195,240240,108108,207207,156162,9999
Pop3,72_MIPP,196196,163163,224226,151153,9595,116120,195203,234234,108108,207207,162162,9999
Pop3,88_MI1,190196,163163,224224,153153,95106,116116,197197,234243,108108,207209,156156,9999
Pop3,92_MI1,190196,163163,226226,153157,106106,116116,197197,234236,108108,207207,156156,9999
Pop3,100_MI1,193196,163163,224224,153157,103106,116116,187194,238240,108108,207207,156162,9999
Pop3,6_MI2,196196,163163,224224,153153,103106,116116,NA,240246,108108,207207,156156,9999
Pop3,23_MI2,190193,163163,224224,153153,95106,116116,187199,236238,108108,207207,162162,9999
Pop3,26_MI2,196196,163163,224224,153153,106106,116116,197197,238246,108108,207209,162162,9999
Pop3,33_MI3,196196,163163,224224,153153,95103,116116,193197,210210,108112,207207,156162,9999
Pop3,38_MI3,190193,163163,224224,153153,103106,116116,187207,236238,108108,207207,156162,9999
Pop3,42_MI3,193196,163163,224224,151157,95106,116116,193203,238240,108108,209209,156162,9999
Pop3,46_MI4,190196,163163,224224,153157,103106,116116,187199,236244,108108,207207,156162,9999
Pop3,59_MI4,196196,163163,226226,153157,103106,116116,195207,236243,108108,207207,156162,9999
Pop3,63_MI4,196196,163163,224224,151153,95106,116116,185211,236243,108112,207207,156162,9999
Pop3,76_MIPP,193193,163169,226226,153153,95106,116116,193199,240240,108108,201207,156156,9999
Pop3,80_MIPP,193196,163163,224224,153153,103106,116116,201205,234242,108108,207207,156162,9999
Pop3,81_MIPP,193196,163163,224224,153153,9595,116116,195197,236238,108108,207207,162162,9999
Pop3,89_MISP,196196,160163,226226,151153,95106,116116,195195,236238,108108,207209,156162,9999
Pop3,94_MISP,196196,163163,224224,153153,103106,116116,195197,238242,108108,207207,156156,9999
Pop3,98_MISP,193193,163163,224224,153153,106106,116116,197201,238240,108108,207207,156156,9999
Pop3,COAR3,196196,163163,224226,147151,98106,116116,195205,234234,108108,207207,162162,9999
Pop3,COAR6,193196,163163,224224,153157,98106,116116,193207,232234,108108,207207,156162,9999
Pop3,COAR7,190193,163163,226226,151153,106106,116116,197205,238242,108108,207207,156156,9999
Pop3,COAR8,193196,163163,226226,153153,9595,116116,195207,236238,108108,207207,156162,9999
Pop3,COAR9,196196,163163,224226,153153,9598,116116,195195,234236,108108,207207,156156,9999
Pop3,COAR12,190193,163163,224226,153157,9595,116116,193213,242246,108108,207207,156156,9999
Pop3,COAR13,196196,163163,224224,153153,98106,116116,199213,232238,108108,207207,156156,9999
Pop3,COAR15,196196,163163,224224,153153,98106,116116,199213,232238,108108,207207,156156,9999
Pop3,COAR18,190193,163163,224226,153157,95106,116116,187207,236240,108123,207207,162162,9999
Pop3,COAR19,193199,163163,224226,151153,106106,116116,187199,236236,108108,207207,156162,9999
Pop3,COAR20,190196,163163,224224,151151,9598,116116,211217,238242,108108,207207,156156,9999
Pop3,COBT9,190199,163163,224228,155157,95103,116116,195203,234238,108108,207207,156156,9999
Pop3,COBT10,190199,163163,224228,155157,95103,116116,195203,234238,108108,207207,156156,9999
Pop3,COBT11,190199,163163,224228,155157,95103,116116,195203,234238,108108,207207,156156,9999
Pop3,COBT12,190199,163163,224228,155157,95103,116116,195203,234238,108108,207207,156156,9999
Pop3,COBT13,193193,163163,224226,153153,95114,116116,193203,236242,108108,207207,156156,9999
Pop3,SV9,193196,163163,224226,147153,9598,116116,197203,234238,108108,207207,156156,9999
Pop3,SV10,193196,163163,224226,147153,9598,116116,195201,234238,108108,207207,156156,9999
Pop3,SV11,190193,163163,224226,147157,106106,116120,197201,236238,108116,207207,156162,9999
Pop3,SV12,193193,163163,222226,153157,9595,116116,195197,238240,108108,207207,156162,9999
Pop3,SV13,193193,163163,222224,153157,8795,116116,203205,232242,108121,207207,156156,9999
Pop3,SV14,193193,163163,224226,153155,9898,116116,197199,236240,108116,207207,156156,9999
Pop3,SV15,193193,163163,224224,147149,9598,116116,189197,236246,106108,207211,156162,9999
Pop3,SV16,193196,163163,224226,151159,9898,116116,195197,236242,108108,207207,156156,9999
Pop3,SV17,196196,163163,224226,151153,9598,116116,191205,238244,108108,207207,156156,9999
Pop3,SV20,190190,163163,224226,151153,9595,116116,191191,236240,108123,207207,156156,9999
Pop3,SV23,193196,163163,224226,151153,103106,116116,195197,236244,108121,207207,156162,9999
Pop3,SV28,196196,163163,226226,151151,106106,116116,195195,234242,108108,207207,156156,9999
Pop3,SV31,193196,163163,224226,155155,106106,116120,193193,232240,106108,207207,156162,9999
Pop3,SV32,196196,163163,224226,151153,95106,116116,199203,240242,108123,207207,156162,9999
Pop3,SV33,193196,163163,226226,151153,98106,116120,201201,244246,106108,207207,156162,9999
Pop3,SV34,190190,163163,224226,151151,95106,116116,195203,238238,108108,207207,162162,9999
Pop3,SV35,193193,163163,224224,151151,95103,116116,191195,234244,108108,207207,162162,9999
Pop3,SV37,190193,163163,226226,151153,106106,116116,191195,236236,108108,207207,156156,9999
Pop3,SV38,190196,163163,226226,151153,106106,116116,189195,236238,108108,207207,156156,9999
Pop3,SV39,190196,163163,224226,151151,106106,116116,191199,238242,108108,207207,156156,9999
Pop3,SV40,196196,163163,224224,151153,103106,116116,197197,234244,108108,207207,156156,9999
Pop3,SV41,199199,163163,224226,151153,106106,116116,203203,240246,108108,207207,156156,9999
Pop3,SV45,190190,163163,226226,151153,95103,116120,191199,232244,108108,207207,156156,9999
Pop3,SV48,190193,163163,224226,151153,95106,116120,197199,242244,108108,207207,156156,9999
Pop3,SV50,196196,163163,224224,151153,103106,116116,195199,238240,106108,207207,156162,9999
Pop3,SV51,190190,163163,224226,151151,9595,116116,195199,238240,108108,207207,162162,9999
Pop3,SV52,190190,163163,224224,153153,98106,116116,191197,240240,108108,207207,156156,9999
Pop3,SV53,193196,163163,224226,151153,95106,116116,195203,236240,108123,207207,156156,9999
Pop3,NP1,190193,163163,226228,151153,95114,116116,191197,236250,106108,207207,156156,9999
Pop3,NP2,190193,163163,228228,157157,95106,116116,191193,236238,108112,207207,156156,9999
Pop3,NP3,190193,163163,224226,151151,98103,116116,187193,236236,114116,207207,156162,9999
Pop3,NP4,193196,163163,226226,151157,90103,116116,195199,234240,108112,207207,156156,9999
Pop3,NP6,190190,163163,224226,151151,95106,116116,199205,236242,108121,207207,156162,9999
Pop3,NP8,190190,163163,224226,153155,98106,116116,197203,238238,108116,207207,156162,9999
Pop3,NP12,190193,163163,224226,151153,106106,116116,187191,232238,106112,207207,156156,9999
Pop3,NP13,190190,163163,200226,147155,106106,116116,194197,236238,108108,207207,156156,9999
Pop3,NP14,196196,163169,224226,153155,95106,116116,193197,237239,108114,207207,156156,9999
Pop3,NP16,193196,163163,226226,147151,106114,116116,189194,234236,108116,207209,156156,99102
Pop3,NP17,190190,163163,224226,153155,106106,116116,194197,236236,108116,207209,156162,99102
Pop3,NP19,190196,163173,224224,153155,106106,116116,191197,234236,106112,207207,156156,9999
Pop3,NP21,190196,163173,224224,151153,106106,116116,191193,236236,108112,207207,156156,99102
Pop3,NP25,190196,163163,224226,153155,9095,116116,193194,234240,108108,207209,156156,99102
Pop3,NP26,190196,163163,224226,151157,106106,116116,193194,234238,106116,207207,156162,9999
Pop3,NP27,190193,163163,224224,153155,103103,116116,193195,234238,106108,207207,156162,9999
Pop3,NP29,196196,163163,224226,155155,95106,116116,195203,232240,108116,207209,156156,9999
Pop3,NP30,190190,163163,224226,155159,103106,116116,193194,234242,106116,207207,156159,9999
Pop3,NP31,190190,163163,224224,155155,98106,116116,193194,240244,106116,207207,156156,9999
Pop3,NP33,190196,163163,226226,155155,98106,116116,191193,234240,106116,207207,162162,9999
Pop3,NP36,190196,163163,224224,151155,103106,116116,197203,234238,106114,207207,156162,9999
Pop3,NP37,190193,163163,224226,151155,106106,116116,205213,234234,106106,207207,162162,9999
Pop3,NP38,190190,163163,224228,149157,95106,116116,187197,234234,106112,207207,156162,9999
Pop3,NP39,190199,163163,224224,151151,95106,116116,193194,232242,108114,207207,162162,9999
Pop3,NP40,190190,163163,224226,151157,106106,116116,197203,234234,106108,207207,156162,9999
Pop3,NP42,190193,163163,224226,151157,98106,116116,199213,240244,106114,207207,162162,9999
Pop3,NP65,190196,163163,224226,147157,103106,116116,194195,232238,108112,207207,156156,9999
Pop3,NP66,196196,163163,224226,151157,106106,116120,191194,232236,108112,207207,156156,9999
Pop3,NP67,193193,163163,224226,153157,106114,116116,193194,238246,108112,207207,156156,9999
Pop3,NP75,190193,163163,226226,151155,106106,116116,195197,234238,108108,207207,156162,9999
Pop3,NP76,190196,163163,226226,153157,95106,116116,191191,238244,106112,207207,162162,9999
Pop3,NP80,196196,163163,224226,153155,103114,116116,191194,238240,112112,207207,156159,9999
Pop3,NP83,196196,163163,226226,153155,95103,116116,189193,232240,108114,207207,156156,9999
Pop3,NP86,196196,163163,224226,153153,106106,116116,195199,234242,108108,207207,156156,9999
Pop3,NP91,190196,163163,226226,153155,106106,116116,191197,232240,114116,207207,156162,9999
Pop3,UTIC50,193196,163163,224224,151159,103106,116116,197199,234250,108108,207207,156156,9999
Pop3,UTIC51,193196,163163,224224,151159,103106,116116,197199,234250,108108,207207,156156,9999
Pop3,UTIC52,193196,163163,228228,151159,103106,116116,197199,236250,108108,207207,156156,9999
Pop3,UTIC53,193196,163163,224226,153155,103103,116116,193197,234234,108108,207207,156162,9999
Pop3,UTIC54,193196,163163,224224,151159,103106,116116,197199,234234,108108,207207,156156,9799
Pop3,UTIC55,193196,163163,224224,151159,103106,116116,197199,234234,108108,207207,156156,9999
Pop3,UTIC56,193196,163163,224224,151153,103103,116116,193197,234234,108116,207207,156156,9999
Pop3,UTIC57,190196,163163,224226,153153,95106,116116,193203,232234,108116,207207,156162,9999
Pop3,UTIC58,193193,163163,224226,153153,103106,116116,193195,234238,108112,207207,156156,9999
Pop3,UTIC59,193193,163163,224226,153153,103106,116116,193195,234238,108112,207207,156156,9999
Pop3,UTIC60,193193,163163,224226,153153,103106,116116,193195,234238,108112,207207,156156,9799
Pop3,UTIC61,193193,163163,224224,151153,103103,116116,187193,234242,108116,207207,156162,9999
Pop3,UTIC62,193193,163163,224224,151153,103103,116116,187193,234242,108116,207207,156162,9999
Pop3,UTIC63,190190,163163,224224,153153,103106,116116,193195,234234,108108,207207,156156,9999
Pop3,UTIC64,193196,163163,224226,151153,95103,116116,193197,234236,108108,207207,156156,9999
Pop3,UTIC65,193193,163163,224224,151153,103106,116116,193193,234238,108108,207207,156162,9999
Pop3,UTIC66,193193,163163,224226,151153,103106,116116,193193,234238,108108,207207,156162,9999
Pop3,UTIC67,196196,163163,224224,153155,9095,116116,187195,232248,108108,207207,156162,9999
Pop3,UTIC68,196196,163163,224224,153155,9095,116116,187195,232248,108108,207209,156162,9999
Pop3,UTIC69,193196,163163,224226,153153,95103,116116,193195,232234,108108,207207,156156,9999
Pop3,UTIC70,193196,163163,224226,153153,95103,116116,193195,232234,108108,207207,156156,9999
Pop3,UTIC71,190196,163163,224228,151153,106106,116116,197197,234238,108116,207207,156156,9999
Pop3,UTIC72,190196,163163,226226,153153,106106,116116,193195,232232,108108,207207,162162,9999
Pop3,UTIC73,196196,163163,224226,153153,90106,116116,193197,232232,108108,207207,156162,9999
Pop3,UTIC74,193196,163163,224224,151157,103103,116116,187199,234234,112116,207207,156156,9999
Pop3,UTIC75,196196,163163,224224,153153,9095,116116,193199,232236,108108,207207,156162,9999
Pop3,UTIC76,196196,163163,224224,153155,90103,116116,187195,232236,108108,207209,156156,9999
Pop3,UTIC77,190193,163163,224224,153157,95103,116116,187197,238242,108116,207207,156162,9999
Pop3,UTIC78,196196,163163,224224,153153,95103,116116,193197,236236,108108,207207,156162,9999
Pop3,UTIC79,190196,163163,224226,151153,98103,116116,193197,234234,108108,207207,162162,9999
Pop3,UTIC80,190196,163163,224226,151153,98103,116116,193197,234234,108108,207207,162162,9999
Pop3,UTIC81,193196,163163,224226,151151,95103,116116,191193,234238,108108,207207,156162,9799
Pop3,UTIC82,190190,163169,200226,151154,9596,116116,193209,218232,104112,207207,156156,9499
Pop3,UTIC83,196196,163163,224226,153157,9598,116116,193197,240242,108108,207207,156162,9999
Pop3,UTIC84,196196,163163,224226,153157,9598,116116,193197,240242,108108,207207,156162,9999
Pop3,UTIC85,190196,163163,224226,153153,95106,116116,193197,234240,108108,207207,162162,9999
Pop3,UTIC86,190190,163163,224224,153153,103106,116116,197199,234236,108108,207207,162162,9999
Pop3,UTIC87,190193,163163,224226,153153,95106,116116,195197,234234,108108,207207,162162,9999
Pop3,UTIC88,190196,163163,224200,153153,96103,116116,197197,214214,108108,207207,156156,9999
Pop3,UTIC89,190190,163163,224226,151153,95103,116116,187199,232234,108108,207207,156156,9999
Pop4,NLX10,190190,163173,226230,157157,98106,116116,189195,234234,110114,207207,156156,9799
Pop4,NLX14,190190,163173,226226,157157,98106,116116,195197,234242,108110,207207,156162,9999
Pop4,NLX16,190190,163173,226226,157157,98106,116116,195197,234238,108110,207207,156162,9999
Pop4,NLX22,190190,163163,224224,155157,98106,116116,189199,236246,110116,207207,156162,9999
Pop4,NLX31,190193,163173,224226,147155,9598,116116,197201,234238,108116,207207,156162,9799
Pop4,NLX33,190190,163173,224230,149155,106106,116116,195199,240248,108108,207207,162162,9799
Pop4,NLX34,190193,163173,224226,153155,98103,116116,191201,240242,110116,207207,153162,9999
Pop4,NLX35,193193,163173,224226,147155,9598,116116,189205,240243,108116,207207,153156,9999
Pop4,NSN2,190190,163163,224226,151155,9595,116116,189191,236240,108116,207207,153156,9999
Pop4,NSN3,190193,163163,224224,155157,9595,116116,191197,234236,106114,207207,156156,9999
Pop4,NSN10,190190,173173,224226,155157,95106,116116,189191,236240,106116,207207,156156,9799
Pop4,NSN11,190190,173173,224226,155157,95106,116116,189191,236242,106116,207207,156156,9799
Pop4,NSN14,190190,163163,226226,155157,9595,116116,189195,234240,108108,207207,153156,9799
Pop4,NSN16,193193,163163,226226,155155,9595,116116,191195,236236,106116,207207,153156,9799
Pop4,NSN18,190193,173173,224224,155159,98106,116116,193197,232234,114114,207207,156156,9797
Pop4,NSN19,190193,173173,224224,155159,98106,116116,193197,234236,108114,207207,156156,9797
Pop4,NSN22,190190,163173,224224,155157,95106,116116,189193,236236,106116,207207,153156,9999
Pop4,NSN25,190190,163173,224226,155155,9598,116116,191195,238238,106116,207207,153153,9799
Pop4,NSN26,190190,163163,224226,155157,95106,116116,191197,240242,106114,207207,162162,9999
Pop4,NWV5,190190,163173,226232,155157,106111,116116,191193,234234,108110,207207,153162,9999
Pop4,NWV6,190193,163173,226232,155155,95111,116116,195197,232234,106108,207207,156162,9799
Pop4,NWV7,190199,163173,226234,155155,95111,116116,193197,232234,108116,207207,156162,9999
Pop4,NWV10,190193,163163,226226,155157,9598,116116,195195,234236,106108,207207,153156,97105
Pop4,NSP1,190190,163163,224226,157157,9595,116116,189197,238244,114114,207207,156162,99105
Pop4,NSP4,190190,163163,224226,157157,9595,116116,189197,238242,114114,207207,156162,99105
Pop4,XNEC1,190190,163163,224224,155157,98106,116116,189197,240240,108114,207207,153156,9799
Pop4,XNEC6,190190,163163,224230,157157,9595,116116,195197,230234,106108,207207,162162,9999
Pop4,XNEC7,190190,163163,224230,157157,9595,116116,195195,234236,107108,207207,156162,9999
Pop4,XNEC9,190190,163163,226226,155157,9595,116116,195197,234236,106108,207207,156162,9999
Pop4,XNEC12,190190,163163,226230,155155,9595,116116,195197,234246,106108,207207,156162,9999
Pop4,NKZ2,190190,163173,224226,155155,95106,116116,197197,236242,106108,207207,162162,9999
Pop4,NKZ4,190190,163163,226230,157157,9598,116116,195201,238248,106110,207207,153162,9999
Pop4,NKZ5,190190,163163,226230,157157,9598,116116,195201,238246,106110,207207,153162,9999
Pop4,NKZ6,190190,163173,226226,151157,9598,116116,197197,242244,108108,207207,156162,9799
Pop4,NKZ8,190190,173173,224226,155157,9595,116116,189197,234240,106108,207207,162162,9799
Pop4,NKZ9,190190,163173,224226,155155,9595,116116,189197,234238,106114,207207,162162,9999
Pop4,NKZ10,190190,163163,224226,155157,9598,116116,195197,234234,108108,207207,153162,9999
Pop4,UTBR1,190199,163173,224226,155157,95106,116116,197201,240244,114114,207207,156156,9999
Pop4,UTBR2,190199,163163,224224,155157,9595,116116,195199,234234,110114,207207,156156,9999
Pop4,UTBR3,190199,163163,224224,155157,9598,116116,197199,240244,108114,207207,156156,9999
Pop4,UTBR4,190193,163163,224224,155157,95106,116116,193197,212212,106106,207207,153162,9799
Pop4,UTBR5,190193,163163,224224,155157,95106,116116,193197,238242,106106,207207,153162,9799
Pop4,UTBR6,190193,163163,224224,155157,95106,116116,193197,238242,106106,207207,153162,9799
Pop4,UTBR7,190190,163163,224224,155157,9598,116116,191195,238242,106114,207207,156156,9999
Pop4,UTBR8,190193,163163,224224,157157,95106,116116,189197,242242,110114,207207,156156,9999
Pop4,UTBR9,193193,163163,224224,157157,98106,116116,195197,232234,106108,207207,153156,9999
Pop4,UTBR10,190193,173173,226226,157157,9595,116116,195195,234240,106114,207207,156156,9999
Pop4,UTBR11,190193,163163,224224,146157,9598,116116,195197,234236,106106,207207,156156,9797
Pop4,UTBR12,190193,163173,224224,155157,9595,116116,195197,240242,106114,207207,156156,9799
Pop4,UTBR14,190190,163173,224226,157161,98106,116116,195197,242242,108108,207207,156156,9799
Pop4,UTBR15,190193,163173,224224,157157,9595,116116,189195,234242,106110,207207,156162,9999
Pop4,UTBR16,190193,163173,224224,155157,9598,116116,195197,234234,106108,207207,153156,9999
Pop4,UTBR17,190193,163173,224224,157157,9595,116116,195195,234242,106114,207207,153162,9999
Pop4,UTBR18,190193,173173,224224,155157,9595,116116,189195,232242,106106,207207,153156,9799
Pop4,UTBR19,190193,163163,224224,146157,9595,116116,195197,240242,106108,207207,153156,9999
Pop4,UTBR20,190190,163163,224224,157157,95106,116116,195197,240240,106114,207207,156162,9999
Pop4,UTBR21,190190,163163,224224,157157,9598,116116,189199,234234,106110,207207,156162,9999
Pop4,UTBR22,190190,163173,224226,155157,98106,116116,195195,238240,114114,207207,156156,9999
Pop4,UTBR23,190190,163173,224226,157157,9598,116116,195197,236236,106110,207207,156156,9799
Pop4,UTBR24,190193,163173,226226,155161,98106,116116,191195,238238,110114,207207,156162,9799
Pop4,UTBR25,190193,163173,224226,155155,95106,116116,195197,240240,110114,207207,156156,9799
Pop4,UTBR26,190190,163163,224224,157157,9598,116116,189195,238246,106108,207207,153156,9999
Pop4,UTBR27,190190,163163,224224,157157,9598,116116,189197,238238,108114,207207,156156,9997
Pop4,UTBR28,190193,163163,224226,151157,98106,116116,195195,234234,114114,207207,153156,9999
Pop4,UTBR29,190190,163163,224226,153157,98106,116116,191195,242246,108114,207207,156162,9999
Pop4,UTBR30,190190,163163,226226,153161,98106,116116,191199,242242,108114,207207,156162,9999
Pop4,UTBR31,190193,163163,224224,155155,9598,116116,189197,234244,108110,207207,156156,9999
Pop4,UTBR32,190193,163163,224224,155155,9598,116116,189197,234244,108110,207207,156156,9999
Pop4,UTBR33,190193,173173,224224,155155,9595,116116,195197,240240,108114,207207,156162,9999
Pop4,UTBR34,190190,163173,224226,155157,9598,116116,189191,232238,106108,207207,162162,9999
Pop4,UTBR35,190193,163173,224224,151155,9595,116116,189195,234244,110114,207207,156156,9999
Pop4,UTBR36,190193,163163,224224,157157,9598,116116,189195,234240,108114,207207,156156,9799
Pop4,UTBR37,190193,163163,224224,151157,95106,116116,189195,234234,110114,207207,156162,9799
Pop4,UTBR38,190193,163163,224224,157157,98106,116116,195197,234234,106114,207207,156156,9999
Pop4,UTBR39,190190,163163,224226,155157,9598,116116,191195,232238,108108,207207,156162,9999
Pop4,UTBR40,190193,163163,224226,155157,95106,116116,195195,244246,114114,207207,153156,9999
Pop4,UTBR41,190193,163163,224226,157157,9598,116116,189195,234234,108108,207207,156162,9999
Pop4,UTBR42,190190,163163,224224,157157,9595,116116,195197,234248,106110,207207,162162,9999
Pop4,UTBR43,193193,163163,224224,155157,9598,116116,195199,232244,108110,207207,153156,9999
Pop4,UTBR44,190193,163173,224224,157157,98106,116116,195199,238238,108114,207207,156162,9999
Pop4,UTBR45,190193,163163,224224,155155,9898,116116,189199,242242,108110,207207,156162,9999
Pop4,UTBR46,190193,163173,224224,157157,9598,116116,195195,242242,114114,207207,153153,9999
Pop4,UTBR47,190193,163173,224224,155157,9595,116116,189199,238240,106106,207207,162162,9999
Pop4,UTBR48,190193,163163,224224,146155,9598,116116,191199,238240,106114,207207,156162,9997
Pop4,UTBR49,193193,163163,224224,157157,9595,116116,197199,238242,106114,207207,153156,9999
Pop4,UTBR50,193193,163163,224224,157157,9595,116116,197199,238242,106114,207207,153156,9999
Pop4,UTCC1,190193,163173,224226,155157,95106,116116,189193,232232,106108,207207,156162,9797
Pop4,UTCC2,190190,163173,224224,155157,103106,116116,189195,236242,110110,207207,156156,9999
Pop4,UTCC3,190193,163163,224224,157157,9898,116116,189197,234238,112112,207207,153156,9799
Pop4,UTCC4,190193,163163,224224,157157,9898,116116,189197,234238,112112,207207,153156,9799
Pop4,UTCC5,190193,163173,224224,157157,95106,116116,189191,232242,106110,207207,156162,9799
Pop4,UTCC6,190193,163163,224224,157157,95106,116116,189197,232244,108110,207207,156162,9799
Pop4,UTCC7,190193,163163,226226,155157,9598,116116,193195,244244,108112,207207,156156,9799
Pop4,UTCC8,190190,163173,224226,157157,95106,116116,195195,234236,110110,207207,156162,9999
Pop4,UTCC9,190193,163173,224224,157157,98106,116116,195197,232238,106112,207207,156162,9799
Pop4,UTCC10,190190,163173,224226,155157,9598,116116,195197,232236,112112,207207,156162,9799
Pop4,UTCC11,190190,163173,224224,155157,98106,116116,193197,232248,106108,207207,162162,9999
Pop4,UTCC12,190190,163173,224224,155157,98106,116116,195197,236242,106110,207207,156162,9999
Pop4,UTCC13,190193,163173,224224,155157,9595,116116,195195,246246,108110,207207,156156,9999
Pop4,UTCC14,190190,163163,224224,155157,9598,116116,195195,236242,106116,207207,156162,9999
Pop4,UTCC15,193193,163163,224224,155157,95106,116116,195197,236242,106116,207207,156162,9999
Pop4,UTCC16,193193,163163,224224,155157,95106,116116,195197,236242,106116,207207,156162,9999
Pop4,UTCC17,193193,163163,224224,155157,95106,116116,195197,236242,106116,207207,156162,9999
Pop4,UTCC18,193193,163163,224224,155157,95106,116116,195197,242242,106116,207207,156162,9999
Pop4,UTCC19,190193,163173,224224,147155,9595,116116,195195,242242,106108,207207,156156,9999
Pop4,UTCC20,190190,163163,224224,155157,98106,116116,195195,232242,110110,207207,156156,9997
Pop4,UTCC21,190190,163163,224224,155157,98106,116116,195195,232244,110110,207207,156156,9799
Pop4,UTCC22,190190,163163,224224,155157,98106,116116,195195,232244,110110,207207,156156,9997
Pop4,UTCC23,190190,163173,224224,155157,9598,116116,195195,232236,106110,207207,156156,9999
Pop4,UTCC24,190193,163173,224224,155155,9598,116116,195195,238242,110116,207207,162162,9799
Pop4,UTCC25,190190,163163,224224,155157,106106,116116,195195,232244,106110,207207,156156,9799
Pop4,UTCC26,190190,163163,226226,155157,95106,116116,195195,232244,108116,207207,156162,9999
Pop4,UTCC27,190190,163163,224224,155157,9598,116116,195195,240246,108110,207207,156156,9999
Pop4,UTCC28,190190,163173,224224,155157,95106,116116,197197,234242,108112,207207,156162,9999
Pop4,UTCC29,190193,163163,224226,155157,95106,116116,195195,242246,106116,207207,156162,9799
Pop4,UTCC30,190190,163163,224224,155155,9595,116116,191197,232238,106112,207207,153156,9799
Pop4,UTCC31,190190,163163,224224,155157,9898,116116,195197,232244,106110,207207,156156,9999
Pop4,UTCC32,190193,163163,224226,155155,98106,116116,195195,244246,106108,207207,156156,9999
Pop4,UTCC33,190193,163163,224224,155155,95106,116116,195197,232234,106106,207207,156162,9799
Pop4,UTCC34,190190,163163,224226,155157,95106,116116,195195,244244,106116,207207,156162,9999
Pop4,UTCC35,190193,163163,224224,155157,9595,116116,195197,234254,106114,207207,156156,9999
Pop4,UTCC36,190193,163163,224224,155155,9595,116116,195197,232232,106116,207207,153162,9999
Pop4,UTCC37,190193,163163,224224,155155,9595,116116,195197,236236,108108,207207,153162,9999
Pop4,UTCC38,190190,163163,224226,157157,9598,116116,195195,238238,116116,207207,156162,9799
Pop4,UTCC39,190193,163173,224224,157157,9598,116116,195197,232234,110112,207207,156156,9799
Pop4,UTCC40,190190,163163,224224,157157,9595,116116,189195,234236,108110,207207,156156,9799
Pop4,UTCC41,190190,163163,224224,157157,9595,116116,189195,232236,108110,207207,156156,9799
Pop4,UTCC42,190190,163163,224224,157157,9595,116116,191195,236236,110110,207207,156156,9799
Pop4,UTCC43,190190,163173,226226,155157,95106,116116,195197,234246,108112,207207,156162,9999
Pop4,UTCC44,190190,163163,224224,157157,9598,116116,195195,234246,106108,207207,156162,9799
Pop4,UTCC45,190193,163173,232232,155157,98106,116116,195195,244244,106106,207207,156156,9999
Pop4,UTCC46,190190,163163,224224,155157,95106,116116,195195,242242,108112,207207,156156,9799
Pop4,UTCC47,190190,163163,224224,155157,9595,116116,195195,232236,106108,207207,156156,9797
Pop4,UTCC48,190190,163173,224224,157157,9595,116116,189195,232234,108108,207207,156156,9799
Pop4,UTOC01,190193,163173,224226,147157,106111,116116,189197,232238,106106,207207,153156,9999
Pop4,UTOC03,190193,163173,224226,155155,98106,116116,191197,238238,106108,207207,153156,9999
Pop4,UTOC05,190193,163173,224226,155155,98106,116116,191197,234238,106108,207207,153156,9999
Pop4,UTOC07,193193,163173,224226,147157,106106,116116,189197,234238,106114,207207,153153,9999
Pop4,UTOC08,190190,173173,224224,155155,106106,116116,191191,236240,106106,207207,156156,9999
Pop4,UTOC09,190190,173173,224224,155155,106106,116116,197201,236240,106114,207207,156162,9999
Pop4,UTOC10,190190,163173,224224,155155,106106,116116,191197,238238,106114,207207,153153,9999
Pop4,UTOC11,190193,163173,224224,147155,106111,116116,189197,234238,106114,207207,156156,9999
Pop4,UTOC12,190193,163173,224224,147155,106111,116116,189197,232234,106114,207207,156156,9999
Pop4,UTOC13,190190,163173,224224,153155,106106,116116,191199,232234,106116,207207,153156,9999
Pop4,UTOC14,190193,173173,224224,155155,NA,116116,189199,232240,106116,207207,153156,9999
Pop4,UTOC15,190196,163173,224224,153157,9393,116116,191197,234234,106114,207207,156156,9999
Pop4,UTOC16,190193,163173,226226,153155,106106,116116,191191,232232,114116,207207,153153,9999
Pop4,UTOC18,190193,163173,224226,153155,106106,116116,191199,232234,106116,207207,153156,9999
Pop4,UTOC19,190193,163173,224226,153155,106106,116116,191199,232234,106116,207209,153156,9999
Pop4,UTOC20,190193,163173,224226,153155,106106,116116,191199,232234,106116,207209,153156,9999
Pop4,UTOC21,190190,163173,224226,157157,95111,116116,191195,236238,106106,207207,156162,9999
Pop4,UTOC22,190190,163173,224226,157157,95111,116116,191195,236238,106106,207207,156162,9999
Pop4,UTOC23,190190,163173,224226,157157,95111,116116,191195,236238,106106,207207,156162,9999
Pop4,UTOC24,190190,163173,224226,157157,95111,116116,191195,236238,106106,207207,156162,9999
Pop4,UTOC25,190193,163163,224224,153157,106111,116116,195199,232238,106116,207207,153162,9999
Pop4,UTOC26,190190,163163,224226,155157,106106,116116,191197,238244,106106,207207,156156,9999
Pop4,UTOC27,190190,163163,224224,155155,106111,116116,195197,236238,106110,207207,153156,9997
Pop4,UTOC29,190193,163173,224224,157157,98106,116116,195199,232238,106110,207207,156156,9999
Pop4,UTOC30,190193,163173,224224,153155,106106,116116,189195,232236,106116,207207,156156,9999
Pop4,UTOC31,190193,163173,224224,157157,98106,116116,195197,234238,108108,207207,156156,9999
Pop4,UTOC32,190193,163173,224224,157157,98106,116116,195197,234238,106106,207207,156156,9799
Pop4,UTOC33,190193,163173,224224,157157,98106,116116,195197,238238,106106,207207,156156,9999
Pop4,UTOC35,190193,163163,224224,153157,98106,116116,191195,234238,106106,207207,153156,9999
Pop4,UTOC36,190190,163163,224224,155157,106106,116116,189195,236238,106106,207207,153156,9799
Pop4,UTOC37,190193,163173,224224,157157,98106,116116,195197,234234,106106,207207,156156,9999
Pop4,UTOC38,190193,163163,224224,153157,98106,116116,191195,234238,106106,207207,153156,9999
Pop4,UTOC39,190190,173173,224226,155157,9595,116116,191195,234236,106108,207207,156156,9999
Pop4,UTOC40,190193,163173,224224,153157,98106,116116,195197,234236,106106,207207,156156,9799
Pop4,UTOC41,190193,163173,224224,153157,98106,116116,195197,234236,108108,207207,156156,9997
Pop5,UTSC1,190196,173173,226226,155161,9595,116116,191191,234236,108116,207207,156156,9999
Pop5,UTSC2,190190,163173,226226,151155,106106,116116,191191,236236,108108,207207,156156,9999
Pop5,UTSC3,190193,163163,226226,151155,106106,116116,195197,234236,108108,207207,156156,9999
Pop5,UTSC4,190196,163163,224226,155155,98106,116116,191191,238238,116116,207207,156162,9999
Pop5,UTSC5,190190,163163,224228,155155,106106,116116,191195,232234,116116,207207,156156,9999
Pop5,UTSC6,190190,163173,226226,155157,106106,116116,193195,236242,108116,207207,156156,9999
Pop5,UTSC7,190190,163163,224226,155157,98106,116116,195195,236236,116116,207207,156156,9799
Pop5,UTSC8,190193,163173,226226,155155,106106,116116,189191,234236,114116,207207,156156,9999
Pop5,UTSC_U1,193196,163173,224224,155155,9595,116116,189195,234236,114114,207207,156156,9999
Pop5,OR1,190190,163163,226226,155155,98106,116116,197197,234238,106106,207207,153156,9999
Pop5,OR2,190199,163163,226226,155155,106106,116116,195195,238244,106116,207207,156156,9999
Pop5,OR3,190199,163163,226226,155157,106106,116116,191197,232234,106106,207207,156156,9999
Pop5,OR4,190190,163163,228228,155157,98106,116116,185191,234242,108112,207207,156156,9999
Pop5,OR5,190196,163163,224228,155155,106106,116116,193193,234236,106114,207207,156156,9999
Pop5,OR6,190190,163163,224228,155155,106106,116116,191195,234238,106114,207207,156156,9999
Pop5,OR7,190190,163163,224226,155155,106106,116116,191197,234236,106116,207207,156156,9999
Pop5,OR8,190190,163163,226228,155157,106106,116116,191195,236238,112116,207207,156156,9999
Pop5,OR9,190190,163173,226230,155155,106106,116116,195197,234240,106106,207207,156156,9999
Pop5,OR10,190190,163173,226226,155161,106106,116116,193195,230236,106112,207207,156156,9999
Pop5,OR12,190190,163163,226226,147155,95106,116116,193193,236240,106106,207207,156156,9999
Pop5,OR13,190199,163163,224224,155155,98106,116116,191191,236240,106116,207207,156156,9999
Pop5,OR14,190190,163163,228228,155157,106106,116116,195197,236240,114114,207207,156156,9999
Pop5,OR16,190199,163163,226228,155155,106106,116116,191191,236236,106106,207207,153156,9999
Pop5,OR17,190190,163163,226226,157157,106109,116116,195197,234236,108116,207207,156156,9799
Pop5,WYSR1,190190,163163,226232,155159,98106,116116,193193,234240,106106,207207,156156,9999
Pop5,WYSR2,190190,163163,228232,155155,106106,116116,189193,232234,106114,207207,156156,9999
Pop5,WYSR3,190190,163163,226226,151155,95106,116116,191195,234234,106116,207207,156162,9999
Pop5,WYSR4,190190,163163,226226,155155,106106,116116,191191,234240,106116,207207,156156,9999
Pop5,WYSR6,190190,163163,226228,155155,106106,116116,191193,234234,106116,207207,156156,9999
Pop5,WYSR7,190190,163163,224226,155155,106106,116116,191191,234239,114116,207207,156156,9999
Pop5,WYSR9,190190,163163,NA,151155,106106,116116,191195,238246,116116,207207,153162,9999
Pop5,WYSR10,190190,163163,226228,151155,106106,116116,193195,238246,116116,207207,156162,9999
Pop5,WYSR11,190190,163163,NA,157159,95106,116116,189193,234238,114116,207207,156156,9999
Pop5,WYSR12,190190,163163,226228,155155,9598,116116,193195,236236,106116,207207,153162,9999
Pop5,WYSR13,190190,163163,224228,155155,95106,116116,191195,236238,114116,207207,156156,9999
Pop5,WYSR14,196196,163163,226228,151155,106106,116116,193195,236240,106106,207207,156162,9999
Pop5,WYSR15,190196,163163,224226,153157,106106,116116,191191,236242,106108,207207,156156,9999
Pop5,WYSR16,190190,163163,228230,155155,106106,116116,191193,234238,106114,207207,156162,9999
Pop5,WYSR17,190190,163163,226228,155155,106106,116116,193195,236238,114116,207207,156156,9999
Pop5,WYSR18,190190,163163,226232,155155,106106,116116,191195,242248,106116,207207,156156,9999
Pop5,WYSR19,190190,163163,226228,155155,98106,116116,191195,234236,106116,207207,156156,9999
Pop5,WYSR20,190190,163163,226232,155155,95106,116116,191195,232236,106114,207207,156162,9999
Pop5,WYSR21,190190,163163,226226,155157,98106,116116,191191,234242,106106,207207,156156,9999
Pop5,WYSR22,190190,163163,228232,155157,106106,116116,195195,236240,108116,207207,156156,9999
Pop5,WYSR23,190193,163163,226226,155157,106106,116116,193193,234238,106114,207207,156156,9999
Pop5,WYSR24,190193,163163,226228,155157,106106,116116,183195,240240,106116,207207,156156,9999
Pop5,WYSR25,190190,163163,228228,155157,98106,116116,193195,232238,106106,207207,156156,9999
Pop5,WYSR26,190196,163163,226226,155155,106106,116116,193195,236236,106116,207207,156156,99106
Pop5,WYSR27,190190,163163,226226,155157,106106,116116,191195,232232,106106,207207,156156,9999
Pop5,WYSR29A,190190,163163,226228,155157,95106,116116,191191,234240,110114,207207,156156,9999
Pop5,WYSR30,190196,163163,228228,155155,106106,116116,195195,232232,106116,207207,156162,9999
Pop5,WYSR31,190193,163163,228228,155155,106106,116116,191195,234238,106106,207207,156162,9999
Pop5,WYSR32,190190,173173,226226,155155,95106,116116,195197,234238,110116,207207,156156,9999
Pop5,WYSR33,190196,163163,228230,155155,106106,116116,191191,232240,106106,207207,156162,9999
Pop5,WYSR34,190190,163163,228228,155157,95106,116116,193197,236236,106106,207207,156162,9999
Pop5,WYSR35,190196,163163,226226,155157,106106,116116,191191,236236,116116,207207,156162,9999
Pop5,WYSR36,190196,163163,224228,155155,95106,116116,191191,238238,106112,207207,156156,9999
Pop5,WYSR38,190190,163163,226228,155155,106106,116116,193193,234236,114116,207207,156162,9999
Pop5,WYSR45,190190,163163,226226,155157,106106,116116,189191,236240,106114,207207,156156,9999
Pop5,WYSR47,190190,163163,226226,155157,106106,116116,191195,236240,106106,207207,156156,9799
Pop5,WYSR48,190190,163163,228228,155155,106106,116116,NA,234236,106106,207207,156156,9999
Pop5,WYSR49,190193,163163,228229,155157,106114,116116,195195,232238,106114,207207,156156,9999
Pop5,WYSR50,190190,163163,226228,155155,98106,116116,193195,234236,110116,207207,156156,9999
Pop5,WYSR52,190190,163173,224228,157157,106106,116116,191193,236238,106106,207207,156156,9999
Pop5,WYSR54,190190,163173,228228,153155,95106,116116,191191,232236,106110,207207,156156,9999
Pop5,WYPC3,190190,163163,226230,155155,106106,116116,NA,236236,106112,207207,156156,9999
Pop5,WYPC9,190193,163163,226232,155155,106106,NA,193195,230234,106112,207207,156156,9999
Pop5,WYPC11,190190,163163,226226,155155,95106,116116,191193,234238,106114,207207,156162,9999
Pop5,BL40,190190,163163,226226,157157,106106,116116,191195,238242,106106,207207,162162,9999
Pop5,BL45,190193,163171,226228,157157,106106,116116,191197,234234,106106,207207,156162,99109
Pop5,BL51,193193,163167,222228,153157,90106,116120,191191,234238,106108,207207,156156,9999
Pop5,BL54,190196,163163,228228,149155,95106,116120,187191,240240,108110,207207,156156,9999
Pop5,BL55,190190,163167,222226,155157,98106,116116,191191,234234,106116,207207,156156,99106
Pop5,BL56,190190,163163,226228,155155,106106,116116,191191,240242,106106,207207,153156,9999
Pop5,BL57,190196,163163,226226,155157,90106,116116,191195,238242,106116,207207,162162,9999
Pop5,BL62,190190,163163,226226,157157,99106,116116,191199,240242,114116,207207,156156,9999
Pop5,BL63,190193,163167,224226,155155,106106,116120,191191,240242,106112,207207,156156,9999
Pop5,BL64,190190,163163,226226,155157,98106,116116,191191,240242,106106,207207,156156,9999
Pop5,BL65,190190,163163,226226,155155,106106,116116,195197,234242,106112,207207,156156,9999
Pop5,BL67,190196,163167,226226,153155,106106,116116,191193,234236,106112,207207,156156,9999
Pop5,BL68,190190,163163,226226,155157,106106,116116,191191,240242,106112,207207,156156,9999
Pop5,BL70,190190,163163,224226,155155,106106,116116,191195,240242,106116,207207,156162,9999
Pop5,BL71,190196,163163,226226,155157,106106,116116,191191,234242,116116,207207,156156,9999
Pop5,BL72,190190,163163,224226,155155,106106,116116,191191,234236,112112,207207,156162,9799
Pop5,BL73,190196,163163,224226,155155,98106,116116,191191,240240,106106,207207,156156,9999
Pop5,BL75,190190,163163,226226,155155,106106,116116,191193,238238,116116,207207,156156,9799
Pop5,BL76,190196,163163,226228,155155,106106,116116,193193,238242,108112,207207,156156,9799
Pop5,BL77,190190,163163,226226,155157,106106,116116,191191,236244,116116,207207,156156,9999
Pop5,BL78,196196,163163,226226,155155,106106,116116,191195,238238,106116,207207,156156,9999
Pop5,BL79,190190,163163,226226,155157,106106,116116,191191,234238,106108,207207,156156,9999
Pop5,BL81,196196,163163,226226,153155,106106,116116,191191,240240,112114,207207,156156,9999
Pop5,BL82,190190,163163,224226,155155,106106,116116,191193,234250,108116,207207,156156,9999
Pop5,BL83,190190,163163,222226,155157,90106,116120,189213,236240,108112,207207,156162,9999
Pop5,BL85,190190,163171,226226,155155,106106,116120,191195,236238,106110,207207,156162,9999
Pop5,BL86,190196,163163,224228,155157,106106,116116,191191,238240,106116,207207,156156,9999
Pop5,BL87,190190,163163,226226,155157,106106,116116,191195,234246,112116,207207,156162,9999
Pop5,BL88,190190,163163,224228,155157,106106,116116,191191,236238,106116,207207,156156,9999
Pop5,BL90,190190,163163,224226,155157,98106,116116,191191,238238,114116,207207,156156,9999
Pop6,BH1,190196,163163,226226,155160,95106,116116,191203,234234,106121,207207,156156,9999
Pop6,BH2,190190,163163,226226,155155,106106,116116,191193,240240,106106,207207,156156,9999
Pop6,BH4,190190,163163,226226,147153,95106,116116,191195,236238,112114,207207,156156,9999
Pop6,BH6,190196,163163,226226,155155,106106,116116,191195,238240,108108,207207,156156,9999
Pop6,BH7,190190,163163,226226,153160,90106,116116,191195,236236,108114,207209,156156,9999
Pop6,BH9,187199,163163,224226,157167,95106,116116,191205,236238,116116,207207,156156,9999
Pop6,BH10,190190,163163,224226,153155,90106,116116,191195,236237,114116,207207,153156,9999
Pop6,BH16,190196,163163,226226,157160,103106,116116,193195,236236,108114,207207,156156,9999
Pop6,BH36,190193,163163,226226,151160,103106,116116,191191,NA,112116,207207,156156,9999
Pop6,BH37,193196,163163,226226,147155,95106,116116,191191,234234,114116,207207,153156,9999
Pop6,BH39,190196,163163,226226,157159,95106,116116,195195,234236,108112,207207,153156,9999
Pop6,BH40,190190,163163,226226,147160,106106,116116,195203,236238,104108,207207,156162,9999
Pop6,BH41,190196,163163,226228,157160,106106,116116,191203,236236,114116,207207,156156,9999
Pop6,BH42,190190,163163,NA,147147,106106,116116,191203,236238,106108,207207,156156,9999
Pop6,BH45,187190,163171,222226,155157,106106,116116,193195,238238,106112,207207,156156,9799
Pop6,BH46,190190,163163,226226,149155,106106,116116,191193,234236,106114,207207,156156,9999
Pop6,BH47,190190,163163,224224,149155,98106,116120,193193,234236,114114,207207,156156,9999
Pop6,BH48,190190,163163,226226,157159,106106,116116,193195,234236,106116,207207,156162,9999
Pop6,BH49,190190,163163,224224,149155,98106,116116,191193,234234,114116,207207,156156,9999
Pop6,BH51,190196,163163,226226,153160,106106,116120,189193,238238,114116,207207,156156,9999
Pop6,BH53,190190,163163,226226,160160,95106,116116,193193,238238,116116,207207,147156,9999
Pop6,BH54,190193,163163,226226,151160,103106,116116,191193,236238,108114,207207,156156,9999
Pop6,BH55,190190,163163,226226,151155,109114,116116,191193,236238,114119,207207,156156,9999
Pop6,BH57,190196,163163,226226,149159,95106,116116,193195,236242,106114,207207,162162,9097
Pop6,BH58,190196,163163,226226,149159,95106,116116,193195,242242,106114,207207,162162,9097
Pop6,BH59,193193,163163,226226,147155,95106,116120,191193,234236,106108,207207,156156,9999
Pop6,BH60,190190,163163,226226,153157,106106,116116,195201,234240,106108,207207,156156,9999
Pop6,BH62,190193,163163,226228,155157,106106,116116,193203,236236,106116,207207,156156,9999
Pop6,BH63,190196,163163,226226,153155,9595,116116,191191,236238,116121,207207,156156,9999
Pop6,BH64,190193,163163,222226,155157,103106,116116,191193,236238,106106,207207,156156,9999
Pop6,BH65,190196,163163,224226,157157,9095,116116,193203,234236,106108,207207,156156,9999
Pop6,BH66,190196,163163,226226,155157,103106,116116,191191,236240,106108,207207,156156,9999
Pop6,BH67,190187,163163,224226,153157,106106,116120,193195,236240,106116,207207,156162,9999
Pop6,BH68,190196,163163,224226,155157,9095,116116,191193,234240,108108,207207,156156,9999
Pop6,BH69,190193,163163,226226,155157,98106,116116,191193,NA,114116,207207,156156,9999
Pop6,BH70,190196,163163,226226,159160,103106,116116,191193,236240,112114,207207,156156,9999
Pop6,BH71,190196,163163,224226,155159,103106,116116,191193,232238,108108,207207,156156,9999
Pop6,BH73,190190,163163,226226,155159,9598,116116,191197,236236,106108,207207,156156,9999
Pop6,BH77,190190,163163,226226,153160,106106,116116,191193,232234,106116,207207,153156,9999
Pop6,BH78,190190,163163,226226,157160,106106,116116,191195,238238,106108,207207,156156,9999
Pop6,BH80,196196,163163,226226,153159,106106,116116,191191,236245,106114,207207,156156,9999
Pop6,ABOR01,190196,163163,226226,151157,106106,116116,197201,214228,106116,207207,153156,9999
Pop6,ABOR02,184190,163163,226226,147157,103106,116116,195203,234234,106116,207207,156156,9099
Pop6,ABOR03,190196,163163,222226,149155,106106,116116,191203,214228,106116,207207,156162,9999
Pop6,ABOR04,184196,163163,224226,155157,103106,116116,191203,214214,106108,207207,156162,9999
Pop6,ABOR05,187190,163163,226228,155167,106106,116116,197197,214228,108112,207207,156162,9999
Pop6,ABOR06,187190,163163,226226,157159,106106,116116,193203,222222,106120,207207,156156,9999
Pop6,ABOR07,187190,163163,222222,157157,9095,116124,193201,228228,104108,207207,156156,99113
Pop6,ABOR08,190190,163163,224226,151157,106106,116116,193195,228228,114120,207207,153156,9999
Pop6,ABOR09,190193,163163,222226,149151,9595,116116,189197,236238,106108,207207,156162,9999
Pop6,ABOR10,190196,163163,226226,151157,106106,116116,197201,236236,106116,207207,153156,9999
Pop6,ABOR11,187196,163163,224224,147165,9598,116116,193203,238238,112114,207207,156156,9999
Pop6,ABOR12,187190,163163,224228,155157,98106,116120,191197,238242,106116,207207,156156,9999
Pop6,ABOR13,196196,163163,224228,155157,106106,116120,191191,234238,108112,207207,156162,9999
Pop6,ABOR14,187193,163163,228228,155155,9598,116120,191197,238238,112116,207207,156162,9999
Pop6,ABOR15,196196,163163,224226,155155,98106,116116,191193,236238,106106,207207,156156,9999
Pop6,ABOR16,190199,163163,226226,153155,95106,116116,193197,238238,108116,207207,156156,9999
Pop6,ABOR17,187190,163163,224226,151155,95106,116120,191197,240240,116116,207207,156162,9999
Pop6,ABOR18,190196,163163,224226,155155,9595,116116,197203,236238,116116,207207,156156,9999
Pop6,ABOR19,187190,163163,224228,153160,103106,116116,193197,234238,114116,207207,156156,9999
Pop6,ABOR20,190190,163163,222222,149157,99103,116116,193197,236236,112116,207207,156156,9999
Pop6,ABOR21,196196,163163,226226,155155,95106,116116,191193,236240,106106,207207,156156,9999
Pop6,ABOR22,196196,163163,226226,151157,98106,116116,191193,224224,116120,207207,156156,9999
Pop6,ABOR23,187196,163163,224226,151153,90106,116116,197197,238240,108116,207207,162162,9999
Pop6,ABOR24,187190,163163,226226,155165,8798,116116,191193,236242,120120,207207,156156,9999
Pop6,ABOR25,196199,163163,226226,155159,98103,116116,191203,238242,108116,207207,156156,9999
Pop6,ABOR26,190196,163163,226224,157165,95106,116116,191193,238238,108108,207207,156156,9999
Pop6,ABOR27,190190,163163,226226,157157,9598,116116,191197,234238,108108,207207,156156,9999
Pop6,ABOR28,190190,163163,224226,155159,103103,116116,191193,238240,116120,207207,156162,9999
Pop6,ABOR29,190196,163163,226226,155159,98106,116116,193197,238240,108108,207207,156156,9999
Pop6,ABOR30,187190,163171,224224,151167,99103,116116,197201,224242,104116,207207,156156,9099
Pop6,ABOR31,196196,163163,222224,159165,106106,116116,191197,240240,114114,207207,156156,9999
Pop6,ABOR32,190196,163163,226226,157157,95106,116116,193195,238238,108108,207207,156162,9999
Pop6,ABOR33,187190,163163,224226,157157,95103,116116,197197,234236,116116,207207,156162,9999
Pop6,ABOR34,190190,163163,226226,155157,106106,116116,191191,234238,106108,207207,156156,9999
Pop6,ABOR35,190199,163163,226226,155155,106106,116116,191193,236238,106114,207207,156156,9999
Pop6,ABOR36,190190,163163,222224,157157,99106,116116,191197,234234,106116,207207,156156,9999
Pop6,ABOR37,187196,163169,222226,155157,87106,116120,195203,224236,104116,207207,156156,9999
Pop6,ABOR38,190190,163163,226226,155155,9598,116116,193197,238240,108108,207207,156162,9999
Pop6,ABOR39,190196,163163,226228,153155,9598,116116,191197,238238,108108,207207,156156,9999
Pop6,ABOR40,190196,163163,226226,155157,98106,116116,193197,238240,114120,207207,156162,9999
Pop6,ABOR41,187190,163163,226226,155155,95106,116116,191191,236242,106108,207207,156156,9999
Pop6,ABOR42,190196,163163,226226,147155,9898,116120,191203,238242,106114,207207,156162,9999
Pop6,ABOR43,196196,163163,222222,151157,95106,116116,191193,240240,108112,207207,156156,9999
Pop6,ABOR44,190196,163163,226226,155157,106106,116116,193205,238240,106106,207207,156162,9999
Pop6,ABOR45,187190,163163,226228,151160,98106,116116,195197,234238,108112,207207,156162,9999
Pop6,ABOR46,190196,163163,226226,155160,95103,116120,193193,234234,114116,207207,156156,9999
Pop6,ABOR47,196196,163163,222226,155155,95106,116116,193193,236240,106116,207207,156162,9999
Pop6,ABOR48,187193,163163,226226,155155,95106,116116,195201,234236,106120,207207,156156,9999
Pop6,ABOR49,193193,163169,222226,153157,106106,116116,189191,238242,108112,207207,156162,9999
Pop6,ABOR50,193193,163163,222226,155155,98106,120120,191197,224228,108112,207207,156162,9999
Pop6,ABOR51,184199,163163,224226,153157,87103,116116,193197,236238,108108,207207,153156,9999
Pop6,ABOR52,196196,163163,230230,155155,106106,116116,191191,238238,108112,207207,156162,9999
Pop6,ABOR53,190190,163163,228230,153155,98106,116120,193193,236238,106108,207207,156162,9999
Pop6,ABOR54,184187,163169,226226,153157,106106,116116,199201,234234,106108,207207,156156,9999
Pop6,ABOR55,184196,163163,226226,153155,95106,116116,203205,238238,108108,207207,156162,9999
Pop6,ABOR56,190199,163163,222226,157165,106106,116116,193195,236242,106116,207207,156162,9999
Pop6,ABOR57,190196,163163,226226,151157,103106,116116,193197,236242,108114,207207,156162,9999
Pop6,ABOR58,187190,163163,224226,153157,9595,116116,193193,236238,106116,207207,156162,9999
Pop6,ABOR59,187190,163163,226228,155157,106106,116120,191205,NA,116120,207207,156156,9999
Pop6,ABOR60,187196,163163,226228,151153,98106,116116,191193,236238,106114,207207,156162,9999
